thread_id,question_created_at,answer_created_at,answer_text,answer_text_norm,answer_len,answer_word_count
10009277093,2025-11-17 19:34:32.085000+00:00,2025-11-17 19:34:32.087000+00:00,What are the prices for,what are the prices for,23,5
10025181020,2025-11-19 17:13:13.915000+00:00,2025-11-19 17:13:13.917000+00:00,Careers,careers,7,1
10027847523,2025-11-20 05:52:54.973000+00:00,2025-11-20 05:52:54.975000+00:00,Gerber GS750 Plus Plotter,gerber gs750 plus plotter,25,4
10048669859,2025-11-22 18:37:04.436000+00:00,2025-11-22 18:37:04.438000+00:00,Looking for a satin black vinyl that is FFA approved,looking for a satin black vinyl that is ffa approved,52,10
10058278985,2025-11-24 20:08:00.548000+00:00,2025-11-24 20:08:00.550000+00:00,3m 9972a,3m 9972a,8,2
10059485765,2025-11-25 04:32:15.691000+00:00,2025-11-25 04:32:15.693000+00:00,Does this machine create direct to Mylar bags with printing?,does this machine create direct to mylar bags with printing,60,10
10063348125,2025-11-25 21:03:35.246000+00:00,2025-11-25 21:03:35.248000+00:00,"Hello, is there any other material than sihl film for flexible packaging compatible with your printer?",hello is there any other material than sihl film for flexible packaging compatible with your printer,102,16
10073501076,2025-11-27 18:06:24.967000+00:00,2025-11-27 18:06:24.969000+00:00,HOLA,hola,4,1
10074937707,2025-11-28 08:03:23.852000+00:00,2025-11-28 08:03:23.854000+00:00,hi i am looking for pouch packaging sachet digital printing solution in three layer or two layer poly pouch rolls,hi i am looking for pouch packaging sachet digital printing solution in three layer or two layer poly pouch rolls,113,20
10096960435,2025-12-02 06:39:51.815000+00:00,2025-12-02 06:39:51.817000+00:00,3M 9972A,3m 9972a,8,2
10100189562,2025-12-02 14:53:52.110000+00:00,2025-12-02 14:53:52.112000+00:00,Digital flexible packaging printer,digital flexible packaging printer,34,4
10105086292,2025-12-03 14:31:26.175000+00:00,2025-12-03 14:31:26.177000+00:00,"Hi I actually own an Afinia 901, looking to get a more cost efficient solution for printing labels.",hi i actually own an afinia 901 looking to get a more cost efficient solution for printing labels,99,18
10106520907,2025-12-03 18:15:24.744000+00:00,2025-12-03 18:15:24.746000+00:00,Do you have any service engineers in UK my screen is looking like a split screen don't know why. Thanks,do you have any service engineers in uk my screen is looking like a split screen dont know why thanks,103,20
10113376842,2025-12-04 20:55:45.731000+00:00,2025-12-04 20:55:45.733000+00:00,Job,job,3,1
10114750846,2025-12-05 04:37:00.495000+00:00,2025-12-05 04:37:00.497000+00:00,hi do you have a digital printing machine for thin wall cup that directly print to its cup,hi do you have a digital printing machine for thin wall cup that directly print to its cup,90,18
10117365102,2025-12-05 14:50:31.758000+00:00,2025-12-05 14:50:31.760000+00:00,Quote for GS750 PLUS,quote for gs750 plus,20,4
10120978760,2025-12-06 13:18:40.870000+00:00,2025-12-06 13:18:40.872000+00:00,Any videos of machine running,any videos of machine running,29,5
10130213899,2025-12-09 13:59:21.049000+00:00,2025-12-09 13:59:21.051000+00:00,Is the Arrow EZ Cut 330R compatible with the same permanent adhesive vinyl media typically used on a wide format?,is the arrow ez cut 330r compatible with the same permanent adhesive vinyl media typically used on a wide format,113,20
10131971731,2025-12-09 15:23:28.862000+00:00,2025-12-09 15:23:28.864000+00:00,Please send sales manager contact,please send sales manager contact,33,5
10169359522,2025-12-17 03:50:07.472000+00:00,2025-12-17 03:50:07.474000+00:00,Is gerber going to discontinue it's foils?,is gerber going to discontinue its foils,42,7
10173035018,2025-12-17 22:02:05.009000+00:00,2025-12-17 22:02:05.011000+00:00,a small maybe portable machine i can use to custom print designs on small mylar bags,a small maybe portable machine i can use to custom print designs on small mylar bags,84,16
10175560791,2025-12-18 13:53:19.737000+00:00,2025-12-18 13:53:19.739000+00:00,"Good morning, I'd like to get a quote and information on the placard printers/machines you have available for the aircraft industry We are looking for a machine(s) for our Bombardier maintenance facility in Miami for use for placards on our business aircraft.",good morning id like to get a quote and information on the placard printersmachines you have available for the aircraft industry we are looking for a machines for our bombardier maintenance facility in miami for use for placards on our business aircraft,259,42
10223885607,2025-12-30 16:46:34.841000+00:00,2025-12-30 16:46:34.843000+00:00,Looking for chrome silver transfer ribbon for the Spring3.,looking for chrome silver transfer ribbon for the spring3,58,9
10225997486,2025-12-31 09:06:15.786000+00:00,2025-12-31 09:06:15.788000+00:00,BOPP laminating film with Width: 305 mm Thickness: 24 microns Length: 300 meters (roll length) Surface Tension: 38 dynes Corona Treatment: Double-sided,bopp laminating film with width 305 mm thickness 24 microns length 300 meters roll length surface tension 38 dynes corona treatment doublesided,151,22
10229492905,2026-01-01 23:07:58.592000+00:00,2026-01-01 23:07:58.594000+00:00,I want wrapper for my brand can u make it for me,i want wrapper for my brand can u make it for me,48,12
10235017558,2026-01-03 11:58:47.813000+00:00,2026-01-03 11:58:47.815000+00:00,"We are looking for a machine that can handle high-quality output on clear PET film and various specialty label stocks. To help us determine if your equipment is the right fit for our workflow, please provide the following information: Food Safety & Compliance: Do you offer ""Low Migration"" inks? Please provide certification details regarding FDA or EC 1935/2004 standards for indirect food contact. Media Versatility: Can the machine print on clear PET, metallic, and waterproof stocks? We are particularly interested in the opacity of the white ink and the adhesion quality on non-porous materials.",we are looking for a machine that can handle highquality output on clear pet film and various specialty label stocks to help us determine if your equipment is the right fit for our workflow please provide the following information food safety compliance do you offer low migration inks please provide certification details regarding fda or ec 19352004 standards for indirect food contact media versatility can the machine print on clear pet metallic and waterproof stocks we are particularly interested in the opacity of the white ink and the adhesion quality on nonporous materials,600,94
10237249158,2026-01-04 22:00:05.447000+00:00,2026-01-04 22:00:05.449000+00:00,How to contour cutt,how to contour cutt,19,4
10238129157,2026-01-05 08:20:05.727000+00:00,2026-01-05 08:20:05.729000+00:00,Envision plotter,envision plotter,16,2
10247366971,2026-01-06 15:24:18.345000+00:00,2026-01-06 15:24:18.347000+00:00,trying to apply for jobs,trying to apply for jobs,24,5
10249086008,2026-01-06 23:33:15.671000+00:00,2026-01-06 23:33:15.673000+00:00,Hello! How much is a roll of the 3m A7322 with over laminate?,hello how much is a roll of the 3m a7322 with over laminate,61,13
10255912821,2026-01-08 13:44:17.071000+00:00,2026-01-08 13:44:17.073000+00:00,"Hi, how are you??",hi how are you,17,4
10259247447,2026-01-09 09:15:35.820000+00:00,2026-01-09 09:15:35.822000+00:00,good morning,good morning,12,2
10262190617,2026-01-10 00:41:36.109000+00:00,2026-01-10 00:41:36.111000+00:00,Tamper proof stickers 4inches x 6 inches,tamper proof stickers 4inches x 6 inches,40,7
10269500946,2026-01-12 15:17:09.771000+00:00,2026-01-12 15:17:09.773000+00:00,"I would like to purchase the tamper evident stickers already produced. I have my design ready and would appreciate an estimate for 1,000 full-color stickers, measuring 4 inches by 6 inches, that can withstand various weather elements.",i would like to purchase the tamper evident stickers already produced i have my design ready and would appreciate an estimate for 1000 fullcolor stickers measuring 4 inches by 6 inches that can withstand various weather elements,234,37
10284737438,2026-01-14 15:50:48.956000+00:00,2026-01-14 15:50:48.958000+00:00,I would like a price on a printer,i would like a price on a printer,33,8
4046372020,2023-02-22 05:21:44.454000+00:00,2023-02-22 05:21:44.456000+00:00,330r lite,330r lite,9,2
4046417070,2023-02-22 05:15:21.745000+00:00,2023-02-22 05:15:21.747000+00:00,330r lite,330r lite,9,2
4046417247,2023-02-22 05:18:15.934000+00:00,2023-02-22 05:18:15.936000+00:00,330r lite,330r lite,9,2
4046418789,2023-02-22 05:47:13.876000+00:00,2023-02-22 05:47:13.878000+00:00,330r lite,330r lite,9,2
4070588203,2023-02-26 12:48:28.822000+00:00,2023-02-26 12:48:28.824000+00:00,"Hi, we would like to know if this machine prints on all untreated supports or with special support Thanks a lot to you Mohamed Bechir Zbouna Digital department manager 4MK The Tunisia sticker",hi we would like to know if this machine prints on all untreated supports or with special support thanks a lot to you mohamed bechir zbouna digital department manager 4mk the tunisia sticker,191,33
4089411176,2023-03-01 07:54:24.769000+00:00,2023-03-01 07:54:24.771000+00:00,how much about ECO 300?,how much about eco 300,23,5
4094624085,2023-03-01 22:49:50.757000+00:00,2023-03-01 22:49:50.759000+00:00,Printing Machine that could print on clear sticker paper (most of the prints will be black and white),printing machine that could print on clear sticker paper most of the prints will be black and white,101,18
4109922163,2023-03-04 06:57:59.696000+00:00,2023-03-04 06:57:59.698000+00:00,We are looking for flexible packaging machine details and quotation.,we are looking for flexible packaging machine details and quotation,68,10
4120578069,2023-03-06 20:13:23.319000+00:00,2023-03-06 20:13:23.321000+00:00,how much please ?,how much please,17,4
4141742520,2023-03-09 13:10:31.384000+00:00,2023-03-09 13:10:31.386000+00:00,ARROWJET AQUA 330R Lƒ∞TE price,arrowjet aqua 330r lite price,29,5
4159093084,2023-03-12 23:03:23.837000+00:00,2023-03-12 23:03:23.839000+00:00,The ArrowJet Aqua 330R,the arrowjet aqua 330r,22,4
4202656523,2023-03-20 13:31:16.118000+00:00,2023-03-20 13:31:16.120000+00:00,Good Morning,good morning,12,2
4206419562,2023-03-21 01:58:14.991000+00:00,2023-03-21 01:58:14.993000+00:00,Hi! Do you do digital printing on mylar bags?,hi do you do digital printing on mylar bags,45,9
4213951521,2023-03-21 22:32:53.256000+00:00,2023-03-21 22:32:53.258000+00:00,"Hello, I am using ImagePrint 12 currently .I don't know if it's a competitor to you your Company or not.I'm finding it difficult to always call them (Eastcoast) Time.What am am in need of a RIP system that has better Customer service.ImagePrint is a great Company,Great Product . but I find it to be very frustrating.sinse I don't know what to ask to move along.I do Photography mostly b/w could you direct me to other Rip Systems",hello i am using imageprint 12 currently i dont know if its a competitor to you your company or notim finding it difficult to always call them eastcoast timewhat am am in need of a rip system that has better customer serviceimageprint is a great companygreat product but i find it to be very frustratingsinse i dont know what to ask to move alongi do photography mostly bw could you direct me to other rip systems,430,77
4214729627,2023-03-22 02:24:04.872000+00:00,2023-03-22 02:24:04.874000+00:00,How much is this machine the aquajet 330R,how much is this machine the aquajet 330r,41,8
4220547653,2023-03-22 20:09:43.506000+00:00,2023-03-22 20:09:43.508000+00:00,Gerber Envision 375 15Inch Plotter,gerber envision 375 15inch plotter,34,5
4235542049,2023-03-24 18:34:31.320000+00:00,2023-03-24 18:34:31.322000+00:00,Hi!,hi,3,1
4238401560,2023-03-25 09:28:08.411000+00:00,2023-03-25 09:28:08.413000+00:00,I have send you a message. Can you confirm me that you receive it? Thanks,i have send you a message can you confirm me that you receive it thanks,73,15
4252527487,2023-03-28 04:42:18.823000+00:00,2023-03-28 04:42:18.825000+00:00,Dose this machine Print and make the Mylar bags ?,dose this machine print and make the mylar bags,49,10
4273152058,2023-03-30 17:09:10.727000+00:00,2023-03-30 17:09:10.729000+00:00,Do you sell this product in Great Britain,do you sell this product in great britain,41,8
4302295666,2023-04-04 20:45:24.386000+00:00,2023-04-04 20:45:24.388000+00:00,Hi there,hi there,8,2
4357947245,2023-04-14 01:35:07.975000+00:00,2023-04-14 01:35:07.977000+00:00,Are these used.,are these used,15,3
4455690152,2023-04-29 12:24:41.127000+00:00,2023-04-29 12:24:41.129000+00:00,A printer for Mylar bags. What‚Äôs the price,a printer for mylar bags whats the price,42,8
4505432580,2023-05-08 21:50:21.892000+00:00,2023-05-08 21:50:21.894000+00:00,where do I send my tax exempt forms,where do i send my tax exempt forms,35,8
4530490539,2023-05-11 20:04:17.336000+00:00,2023-05-11 20:04:17.338000+00:00,Gerber GS750 plus plotter what‚Äôs the price?,gerber gs750 plus plotter whats the price,43,7
4548915727,2023-05-15 18:07:18.067000+00:00,2023-05-15 18:07:18.069000+00:00,"do you have a placard set for the interior of a Cessna Citation III, model 650? How about exterior?",do you have a placard set for the interior of a cessna citation iii model 650 how about exterior,99,19
4549844877,2023-05-15 20:34:12.845000+00:00,2023-05-15 20:34:12.847000+00:00,entry level labels printer for a quick print shop,entry level labels printer for a quick print shop,49,9
4564386317,2023-05-17 15:05:25.687000+00:00,2023-05-17 15:05:25.689000+00:00,"One of our people picked up your brochure at the Toronto show last week. I am looking at the Arrow Overjet Pro 700 in the brochure, but dont see any information on your website?",one of our people picked up your brochure at the toronto show last week i am looking at the arrow overjet pro 700 in the brochure but dont see any information on your website,177,34
4571833661,2023-05-18 15:23:48.006000+00:00,2023-05-18 15:23:48.008000+00:00,Yen to lkr,yen to lkr,10,3
4602344079,2023-05-23 18:33:11.735000+00:00,2023-05-23 18:33:11.737000+00:00,pressure sensitive adhesive paper,pressure sensitive adhesive paper,33,4
4604611730,2023-05-24 01:35:37.069000+00:00,2023-05-24 01:35:37.071000+00:00,"I want to make custom aircraft instrument panel labels for switches and circuit breakers, what to you recommend for a single engine biplane?",i want to make custom aircraft instrument panel labels for switches and circuit breakers what to you recommend for a single engine biplane,140,23
4605531408,2023-05-24 07:23:39.682000+00:00,2023-05-24 07:23:39.684000+00:00,"Dear purchasing manager, I am Ken Liu, We specialized in manufacturing paper printing packaging for more than 10 years. We can do the following products: 1) paper box, color box, gift box, wine box. 2) bag. 3) sticker, label. 4) display stands. 5) Round box. If you want to know more offers, please contact us. Thank you. Best regards, Ken Liu, Email: ken@greencolor-print.com, Mob: 86)13632466964, Skype: ken420546, WhatsApp: +86 13632466964, Website: www.greencolorprint.com",dear purchasing manager i am ken liu we specialized in manufacturing paper printing packaging for more than 10 years we can do the following products 1 paper box color box gift box wine box 2 bag 3 sticker label 4 display stands 5 round box if you want to know more offers please contact us thank you best regards ken liu email kengreencolorprintcom mob 8613632466964 skype ken420546 whatsapp 86 13632466964 website wwwgreencolorprintcom,476,72
4654339164,2023-05-30 22:46:17.622000+00:00,2023-05-30 22:46:17.624000+00:00,Is there phone number I can call,is there phone number i can call,32,7
4715279731,2023-06-08 19:46:33.353000+00:00,2023-06-08 19:46:33.355000+00:00,What state are you located in?,what state are you located in,30,6
4719111048,2023-06-09 12:14:50.103000+00:00,2023-06-09 12:14:50.105000+00:00,Hello how much is this machine,hello how much is this machine,30,6
4721764274,2023-06-09 16:45:06.143000+00:00,2023-06-09 16:45:06.145000+00:00,can you print my designs and send them to me,can you print my designs and send them to me,44,10
4726442025,2023-06-10 16:19:30.086000+00:00,2023-06-10 16:19:30.088000+00:00,How much is the ARROWJET OVERJET PRO 700,how much is the arrowjet overjet pro 700,40,8
4730285420,2023-06-12 02:55:24.794000+00:00,2023-06-12 02:55:24.796000+00:00,Hi looking for a Mylar bag printing machine,hi looking for a mylar bag printing machine,43,8
4757176472,2023-06-15 07:48:40.512000+00:00,2023-06-15 07:48:40.514000+00:00,"Price of T2-L, please",price of t2l please,21,4
4773547169,2023-06-16 18:52:06.533000+00:00,2023-06-16 18:52:06.535000+00:00,Do you have a UK distributor ?,do you have a uk distributor,30,7
4817378911,2023-06-22 23:21:58.608000+00:00,2023-06-22 23:21:58.610000+00:00,I am looking for a machine that makes the bags with the design zip lock,i am looking for a machine that makes the bags with the design zip lock,71,15
4832616088,2023-06-25 20:26:52.563000+00:00,2023-06-25 20:26:52.565000+00:00,"Dear Sir, I am planning to visit Label Expo Europe 2023 in September.i want to have meeting with you for the purchase and discuss other term and conditions..Please mail me time and date of meeting with you.I also need a VIP registration code from you to register for the show.Thanks Regards, Asmar Rashid Asmar Rashid Enterprises 221 Street 13 Ayub Colony Jhang Road Faisalabad Pakistan +92412658621 +923367283349 +923378200815",dear sir i am planning to visit label expo europe 2023 in septemberi want to have meeting with you for the purchase and discuss other term and conditionsplease mail me time and date of meeting with youi also need a vip registration code from you to register for the showthanks regards asmar rashid asmar rashid enterprises 221 street 13 ayub colony jhang road faisalabad pakistan 92412658621 923367283349 923378200815,427,68
4916645529,2023-07-09 19:13:54.894000+00:00,2023-07-09 19:13:54.896000+00:00,Does this machine print on Mylar before bag is made or after,does this machine print on mylar before bag is made or after,60,12
4922009643,2023-07-10 16:46:12.023000+00:00,2023-07-10 16:46:12.025000+00:00,Indian make machine,indian make machine,19,3
4924396568,2023-07-11 02:12:51.112000+00:00,2023-07-11 02:12:51.114000+00:00,What kind of printer do I need to print on Mylar bags?,what kind of printer do i need to print on mylar bags,54,12
4945213490,2023-07-13 12:20:46.810000+00:00,2023-07-13 12:20:46.812000+00:00,Buenos dias,buenos dias,11,2
4961329982,2023-07-14 14:40:51.140000+00:00,2023-07-14 14:40:51.142000+00:00,Can this printer print on our inventory of plain semi gloss and poly stock.,can this printer print on our inventory of plain semi gloss and poly stock,75,14
4965436980,2023-07-15 01:18:51.895000+00:00,2023-07-15 01:18:51.897000+00:00,How much is the aqua 330,how much is the aqua 330,24,6
4987432456,2023-07-18 23:56:24.134000+00:00,2023-07-18 23:56:24.136000+00:00,request quote with varnish station,request quote with varnish station,34,5
5024060976,2023-07-25 01:38:41.864000+00:00,2023-07-25 01:38:41.866000+00:00,Can you offer the complete English address of this Expo location(place) ?,can you offer the complete english address of this expo locationplace,73,12
5048980874,2023-07-27 21:59:24.208000+00:00,2023-07-27 21:59:24.210000+00:00,How much is the inkjet 330,how much is the inkjet 330,26,6
5048989086,2023-07-27 22:29:45.262000+00:00,2023-07-27 22:29:45.264000+00:00,Hello! I am trying to add a contact number. What is the format?,hello i am trying to add a contact number what is the format,63,13
5082594340,2023-08-02 09:46:23.758000+00:00,2023-08-02 09:46:23.760000+00:00,hello I would like to know the price of the Arrow Jet aqua 330RLite,hello i would like to know the price of the arrow jet aqua 330rlite,67,14
5091795066,2023-08-03 15:02:48.650000+00:00,2023-08-03 15:02:48.652000+00:00,what equipment will yo be showing at Label Expo this year,what equipment will yo be showing at label expo this year,57,11
5095922794,2023-08-04 05:39:33.664000+00:00,2023-08-04 05:39:33.666000+00:00,Hi i am interested in the print cut,hi i am interested in the print cut,35,8
5097331883,2023-08-04 08:29:23.681000+00:00,2023-08-04 08:29:23.683000+00:00,Aqua 330r lite,aqua 330r lite,14,3
5108583549,2023-08-05 22:11:11.426000+00:00,2023-08-05 22:11:11.428000+00:00,Careers,careers,7,1
5133555305,2023-08-09 11:57:50.739000+00:00,2023-08-09 11:57:50.741000+00:00,DB-320 s blades available??,db320 s blades available,27,4
5135142506,2023-08-09 15:08:26.868000+00:00,2023-08-09 15:08:26.870000+00:00,I am a small growing business looking to label my products to look professional.. I need a machine that will be able to acocomdate labeling for packaging / labeling mylar bags as well as bottles.? digital printing machine that can do both?,i am a small growing business looking to label my products to look professional i need a machine that will be able to acocomdate labeling for packaging labeling mylar bags as well as bottles digital printing machine that can do both,239,42
5141833239,2023-08-10 12:21:14.519000+00:00,2023-08-10 12:21:14.521000+00:00,Do you have new and used Gerber Envision,do you have new and used gerber envision,40,8
5145745679,2023-08-10 20:31:02.045000+00:00,2023-08-10 20:31:02.047000+00:00,Regional sales jobs,regional sales jobs,19,3
5196625478,2023-08-17 11:45:54.968000+00:00,2023-08-17 11:45:54.970000+00:00,Want to buy,want to buy,11,3
5209823386,2023-08-19 10:26:35.059000+00:00,2023-08-19 10:26:35.061000+00:00,can you send me a link for registration to labels expo in brussel ?,can you send me a link for registration to labels expo in brussel,67,14
5214044422,2023-08-20 20:15:26.937000+00:00,2023-08-20 20:15:26.939000+00:00,"Hello, I‚Äôm looking for a flexible packaging printing solution for short to medium runs",hello im looking for a flexible packaging printing solution for short to medium runs,86,14
5215132045,2023-08-21 03:10:33.476000+00:00,2023-08-21 03:10:33.478000+00:00,Hello Dear,hello dear,10,2
5233873716,2023-08-23 17:21:51.549000+00:00,2023-08-23 17:21:51.551000+00:00,what is the cost of the ARROWJET AQUA 330R,what is the cost of the arrowjet aqua 330r,42,9
5234218377,2023-08-23 17:32:45.297000+00:00,2023-08-23 17:32:45.299000+00:00,Please have a sales rep contact me,please have a sales rep contact me,34,7
5239336491,2023-08-24 12:40:06.530000+00:00,2023-08-24 12:40:06.532000+00:00,Packaging machines,packaging machines,18,2
5239720775,2023-08-24 13:11:44.653000+00:00,2023-08-24 13:11:44.655000+00:00,I am looking for a price on the aqua 330R,i am looking for a price on the aqua 330r,41,10
5254524555,2023-08-26 17:36:07.842000+00:00,2023-08-26 17:36:07.844000+00:00,Need pricing on the arrow jet aqua 330r lite,need pricing on the arrow jet aqua 330r lite,44,9
5256623381,2023-08-27 12:03:35.475000+00:00,2023-08-27 12:03:35.477000+00:00,Hi!,hi,3,1
5270070166,2023-08-29 13:13:50.665000+00:00,2023-08-29 13:13:50.667000+00:00,"Hi! Could you plese inform us for the right address of ""Label expo"". We need it to book a hotel near",hi could you plese inform us for the right address of label expo we need it to book a hotel near,100,21
5286552678,2023-08-31 07:23:35.239000+00:00,2023-08-31 07:23:35.241000+00:00,Which country does arrow system inc is orginated,which country does arrow system inc is orginated,48,8
5288411787,2023-08-31 12:33:27.632000+00:00,2023-08-31 12:33:27.634000+00:00,I have a VIP code. How do I get my entrance ticket?,i have a vip code how do i get my entrance ticket,51,12
5292582831,2023-08-31 19:00:19.379000+00:00,2023-08-31 19:00:19.381000+00:00,short run white bopp matte laminate labels,short run white bopp matte laminate labels,42,7
5297197084,2023-09-01 05:06:13.357000+00:00,2023-09-01 05:06:13.359000+00:00,How can I get my ticket,how can i get my ticket,23,6
5298633862,2023-09-01 10:00:56.330000+00:00,2023-09-01 10:00:56.332000+00:00,ho,ho,2,1
5325641650,2023-09-05 23:15:21.251000+00:00,2023-09-05 23:15:21.253000+00:00,"Hello My name is Antonio, I from Mexico,",hello my name is antonio i from mexico,40,8
5325774153,2023-09-06 00:33:26.087000+00:00,2023-09-06 00:33:26.089000+00:00,JOB,job,3,1
5328237449,2023-09-06 10:41:06.281000+00:00,2023-09-06 10:41:06.283000+00:00,How much is the ArrowJet Aqua 330R?,how much is the arrowjet aqua 330r,35,7
5341412178,2023-09-07 16:49:16.666000+00:00,2023-09-07 16:49:16.668000+00:00,"hi, my name is john and i work with weedme inc in pickering, we purchased your arrowjet nova 250r, and i am looking for some info on the consumables, i sent a email to davis, i believe he is our rep.",hi my name is john and i work with weedme inc in pickering we purchased your arrowjet nova 250r and i am looking for some info on the consumables i sent a email to davis i believe he is our rep,199,41
5354756927,2023-09-10 00:00:18.843000+00:00,2023-09-10 00:00:18.845000+00:00,careers,careers,7,1
5360198735,2023-09-11 09:23:53.456000+00:00,2023-09-11 09:23:53.458000+00:00,free enrance ticket label expo?,free enrance ticket label expo,31,5
5370055199,2023-09-12 07:22:41.204000+00:00,2023-09-12 07:22:41.206000+00:00,"We are planning to visit your stand at Label EXPO Brussels 2023 on 13th September 2023, we are mineral water producers and we are looking for label solutions. Your voucher code will be kindly appreciated. I hope we can meet personally in Brussels on 13th September 2023.",we are planning to visit your stand at label expo brussels 2023 on 13th september 2023 we are mineral water producers and we are looking for label solutions your voucher code will be kindly appreciated i hope we can meet personally in brussels on 13th september 2023,270,47
5374242124,2023-09-12 17:40:49.825000+00:00,2023-09-12 17:40:49.827000+00:00,Do u have multiple pass printer,do u have multiple pass printer,31,6
5391843080,2023-09-14 19:37:33.320000+00:00,2023-09-14 19:37:33.322000+00:00,can i order online?,can i order online,19,4
5399332758,2023-09-15 19:32:53.180000+00:00,2023-09-15 19:32:53.182000+00:00,Hi Iam looking uv label printing and finishi,hi iam looking uv label printing and finishi,44,8
5419143972,2023-09-19 16:12:51.585000+00:00,2023-09-19 16:12:51.587000+00:00,"Hi, I am looking for a device",hi i am looking for a device,29,7
5432291947,2023-09-21 06:43:59.278000+00:00,2023-09-21 06:43:59.280000+00:00,support email,support email,13,2
5440808532,2023-09-22 03:44:56.186000+00:00,2023-09-22 03:44:56.188000+00:00,"Hello Dear, I am looking for the Gerber Color Spot Series Foil. I need a few color foil. What is the price. What is the MOQ? Thank you.",hello dear i am looking for the gerber color spot series foil i need a few color foil what is the price what is the moq thank you,135,28
5443398533,2023-09-22 14:41:28.930000+00:00,2023-09-22 14:41:28.932000+00:00,"Hi there, Mark from Oliver's Labels here. Is there anyone there I can speak to regarding our Arrow EZCut/Vicut cutting finisher. Teram/Jung/Shaan have helped us in the past.",hi there mark from olivers labels here is there anyone there i can speak to regarding our arrow ezcutvicut cutting finisher teramjungshaan have helped us in the past,173,28
5451905542,2023-09-24 15:00:22.055000+00:00,2023-09-24 15:00:22.057000+00:00,Cost of Any cut,cost of any cut,15,4
5472219943,2023-09-27 09:03:14.421000+00:00,2023-09-27 09:03:14.423000+00:00,"hello, looking for a used arrow jet pro 700",hello looking for a used arrow jet pro 700,43,9
5475885914,2023-09-27 17:46:06.649000+00:00,2023-09-27 17:46:06.651000+00:00,Prices,prices,6,1
5479052624,2023-09-28 02:46:29.092000+00:00,2023-09-28 02:46:29.094000+00:00,internship,internship,10,1
5479090716,2023-09-28 02:53:43.423000+00:00,2023-09-28 02:53:43.425000+00:00,Which varnish is better for kitchen dinner table,which varnish is better for kitchen dinner table,48,8
5512189045,2023-10-02 23:41:30.362000+00:00,2023-10-02 23:41:30.364000+00:00,careers,careers,7,1
5516325126,2023-10-03 14:10:38.450000+00:00,2023-10-03 14:10:38.452000+00:00,current openings,current openings,16,2
5517919751,2023-10-03 17:32:35.696000+00:00,2023-10-03 17:32:35.698000+00:00,jobs,jobs,4,1
5529296468,2023-10-04 20:42:06.010000+00:00,2023-10-04 20:42:06.012000+00:00,I need the plastic belt drive gear for a gs750 plus,i need the plastic belt drive gear for a gs750 plus,51,11
5544761961,2023-10-06 15:23:06.822000+00:00,2023-10-06 15:23:06.824000+00:00,I‚Äôm looking to print on small powdered drink packets aluminum,im looking to print on small powdered drink packets aluminum,61,10
5546863151,2023-10-06 19:45:04.276000+00:00,2023-10-06 19:45:04.278000+00:00,do you sell filtrabox expand 2 if so how much,do you sell filtrabox expand 2 if so how much,45,10
5570480897,2023-10-10 19:39:01.533000+00:00,2023-10-10 19:39:01.535000+00:00,Checking around üòÅ. Need to start to work for one of yours distributors. And trying to understand your printers üòÅ,checking around need to start to work for one of yours distributors and trying to understand your printers,112,20
5571597148,2023-10-10 22:10:23.821000+00:00,2023-10-10 22:10:23.823000+00:00,printer,printer,7,1
5593866092,2023-10-13 01:36:08.537000+00:00,2023-10-13 01:36:08.539000+00:00,when was this last updated,when was this last updated,26,5
5595685446,2023-10-13 08:03:46.473000+00:00,2023-10-13 08:03:46.475000+00:00,We are a graphics company based in the UK who are looking for a supplier of Gerber Edge foils (we have had issues with our supplier in the UK). Can you ship to the UK?,we are a graphics company based in the uk who are looking for a supplier of gerber edge foils we have had issues with our supplier in the uk can you ship to the uk,167,35
5637727928,2023-10-19 01:02:03.113000+00:00,2023-10-19 01:02:03.115000+00:00,Hi. I have a question regarding Aqua 330R Hybrid Pro,hi i have a question regarding aqua 330r hybrid pro,52,10
5661907632,2023-10-22 09:40:41.482000+00:00,2023-10-22 09:40:41.484000+00:00,How much does the 330R Hybrid cost please?,how much does the 330r hybrid cost please,42,8
5672212246,2023-10-23 17:08:10.954000+00:00,2023-10-23 17:08:10.956000+00:00,"HI, I'm interested in speaking to a sales person regarding your digital label printers",hi im interested in speaking to a sales person regarding your digital label printers,86,14
5704748339,2023-10-26 17:49:13.655000+00:00,2023-10-26 17:49:13.657000+00:00,"Se,",se,3,1
5730782635,2023-10-30 16:24:13.208000+00:00,2023-10-30 16:24:13.210000+00:00,"Hi üëãüèæ I am looking at your Mylar printer. Do it print on the actual bag or is it stickers? Does it only do the 4x6 bags,etc. Also, what is the cost or financing options or rental of the machine? Thanks üôèüèΩ",hi i am looking at your mylar printer do it print on the actual bag or is it stickers does it only do the 4x6 bagsetc also what is the cost or financing options or rental of the machine thanks,204,42
5738396299,2023-10-31 12:20:03.150000+00:00,2023-10-31 12:20:03.152000+00:00,are you human?,are you human,14,3
5742926227,2023-10-31 20:21:36.268000+00:00,2023-10-31 20:21:36.270000+00:00,ArrowCut Nova 250R Laser Die-Cutter,arrowcut nova 250r laser diecutter,35,5
5770905426,2023-11-04 11:40:37.365000+00:00,2023-11-04 11:40:37.367000+00:00,Your digital printing machines can pri t on primed aluminium foil too??,your digital printing machines can pri t on primed aluminium foil too,71,12
5777335097,2023-11-06 06:07:48.878000+00:00,2023-11-06 06:07:48.880000+00:00,what is the price,what is the price,17,4
5782070184,2023-11-06 18:42:58.737000+00:00,2023-11-06 18:42:58.739000+00:00,"hello we sell glass beverage bottles are would like to offer printing labels as a service. Our labels need to be clear with white or black ink, about 2"" x 3.5"" in size. Can you printers accomplish this?",hello we sell glass beverage bottles are would like to offer printing labels as a service our labels need to be clear with white or black ink about 2 x 35 in size can you printers accomplish this,202,38
5786545586,2023-11-07 07:30:28.875000+00:00,2023-11-07 07:30:28.877000+00:00,"Good day,",good day,9,2
5801196594,2023-11-08 19:03:48.717000+00:00,2023-11-08 19:03:48.719000+00:00,Hi ! My name is Mathieu Perreault and I work for Groupe AFFI that bought the company Les Abeilles Busy Bees few months ago.,hi my name is mathieu perreault and i work for groupe affi that bought the company les abeilles busy bees few months ago,123,24
5836745786,2023-11-13 21:12:31.889000+00:00,2023-11-13 21:12:31.891000+00:00,what is the cost for arrowjet aqua 330R lite?,what is the cost for arrowjet aqua 330r lite,45,9
5840205159,2023-11-14 07:53:50.373000+00:00,2023-11-14 07:53:50.375000+00:00,Are you :-),are you,11,3
5855356250,2023-11-15 22:32:06.078000+00:00,2023-11-15 22:32:06.080000+00:00,Need a printer that can print on mylar bags,need a printer that can print on mylar bags,43,9
5860545951,2023-11-16 15:42:14.972000+00:00,2023-11-16 15:42:14.974000+00:00,Do you happen to have any Gerber GS750 Plus cutters available?,do you happen to have any gerber gs750 plus cutters available,62,11
5888727322,2023-11-20 21:49:23.914000+00:00,2023-11-20 21:49:23.916000+00:00,label printer,label printer,13,2
5890323042,2023-11-21 00:05:14.643000+00:00,2023-11-21 00:05:14.645000+00:00,I'm curious about the price on the ArrowJet Aqua 330R,im curious about the price on the arrowjet aqua 330r,53,10
5895316885,2023-11-21 15:21:11.607000+00:00,2023-11-21 15:21:11.609000+00:00,Quotation ARROW EZCUT 330R,quotation arrow ezcut 330r,26,4
5940265343,2023-11-27 07:03:04.250000+00:00,2023-11-27 07:03:04.252000+00:00,Hello team Support,hello team support,18,3
5969760833,2023-11-30 05:54:15.839000+00:00,2023-11-30 05:54:15.841000+00:00,nestle,nestle,6,1
5999916163,2023-12-04 18:46:59.712000+00:00,2023-12-04 18:46:59.714000+00:00,We have a model L1 label maker and looking for the adjustable media sensor,we have a model l1 label maker and looking for the adjustable media sensor,74,14
6007946275,2023-12-05 15:59:38.154000+00:00,2023-12-05 15:59:38.156000+00:00,Do you guys do service calls for your label printers,do you guys do service calls for your label printers,52,10
6021188786,2023-12-06 23:22:35.248000+00:00,2023-12-06 23:22:35.250000+00:00,hello i am trying to follow up on my order,hello i am trying to follow up on my order,42,10
6021540245,2023-12-07 01:35:56.205000+00:00,2023-12-07 01:35:56.207000+00:00,Looking for a lease price on the ARROWJET NOVA 330R,looking for a lease price on the arrowjet nova 330r,51,10
6049039213,2023-12-11 09:06:13.628000+00:00,2023-12-11 09:06:13.630000+00:00,Hello Team,hello team,10,2
6116562702,2023-12-20 02:32:35.714000+00:00,2023-12-20 02:32:35.716000+00:00,Printing directly to pouches,printing directly to pouches,28,4
6170557813,2023-12-29 08:07:14.712000+00:00,2023-12-29 08:07:14.714000+00:00,do you need some hole punch for plastic bag?,do you need some hole punch for plastic bag,44,9
6174509890,2023-12-29 22:28:50.848000+00:00,2023-12-29 22:28:50.850000+00:00,I would like to know on how to prepare in Illustrator the art for printing a mylar bag with an illustration. Do I need a template outline or a die cut?,i would like to know on how to prepare in illustrator the art for printing a mylar bag with an illustration do i need a template outline or a die cut,151,31
6177765779,2023-12-30 21:31:03.626000+00:00,2023-12-30 21:31:03.628000+00:00,Send Information about 330 label press please,send information about 330 label press please,45,7
6185676082,2024-01-02 09:57:19.918000+00:00,2024-01-02 09:57:19.920000+00:00,do you have a dealer in Germany?,do you have a dealer in germany,32,7
6200436086,2024-01-04 02:39:19.164000+00:00,2024-01-04 02:39:19.166000+00:00,Machine,machine,7,1
6263807019,2024-01-12 22:42:50.988000+00:00,2024-01-12 22:42:50.990000+00:00,job,job,3,1
6306051714,2024-01-18 19:40:31.361000+00:00,2024-01-18 19:40:31.363000+00:00,receipt for credit card payment,receipt for credit card payment,31,5
6328005688,2024-01-22 14:10:09.226000+00:00,2024-01-22 14:10:09.228000+00:00,do you offer sublimation printers,do you offer sublimation printers,33,5
6350245762,2024-01-24 21:06:01.149000+00:00,2024-01-24 21:06:01.151000+00:00,Looking for someone that can service LIMITRONIC V6 printer in Sydney,looking for someone that can service limitronic v6 printer in sydney,68,11
6353923875,2024-01-25 08:40:08.869000+00:00,2024-01-25 08:40:08.871000+00:00,"Hi, do you have representation in South Africa?",hi do you have representation in south africa,47,8
6378795099,2024-01-29 08:38:28.759000+00:00,2024-01-29 08:38:28.761000+00:00,Hi are you going to participate in DRUPA D√ºsseldorf,hi are you going to participate in drupa d√ºsseldorf,51,9
6389087341,2024-01-30 07:59:52.833000+00:00,2024-01-30 07:59:52.835000+00:00,"Hello, I want to place orders for some of your products. I would like to know if I can place orders with my u.s credit card and arrange to pick them up from your store/warehouse by a private freight company. Looking forward to your quick response. Thanks.",hello i want to place orders for some of your products i would like to know if i can place orders with my us credit card and arrange to pick them up from your storewarehouse by a private freight company looking forward to your quick response thanks,255,47
6427412759,2024-02-02 22:29:33.421000+00:00,2024-02-02 22:29:33.423000+00:00,Do you sell any used anycut1,do you sell any used anycut1,28,6
6433007255,2024-02-04 08:26:58.511000+00:00,2024-02-04 08:26:58.513000+00:00,+919115595555 what'sapp for discussion,919115595555 whatsapp for discussion,38,4
6453092645,2024-02-06 20:41:09.767000+00:00,2024-02-06 20:41:09.769000+00:00,what is the best technique to print a simple clear label with white text to be placed on the side of a box,what is the best technique to print a simple clear label with white text to be placed on the side of a box,106,23
6455910687,2024-02-07 05:54:00.429000+00:00,2024-02-07 05:54:00.431000+00:00,Please send your machine price,please send your machine price,30,5
6458103556,2024-02-07 11:38:42.069000+00:00,2024-02-07 11:38:42.071000+00:00,How much does a arrowjet aqua 330r lite cost ?,how much does a arrowjet aqua 330r lite cost,46,10
6482129422,2024-02-09 21:55:13.564000+00:00,2024-02-09 21:55:13.566000+00:00,"hi, wondering what the arrow eco-300 roll to roll label cutter is priced at?",hi wondering what the arrow eco300 roll to roll label cutter is priced at,76,14
6537946730,2024-02-16 16:27:06.774000+00:00,2024-02-16 16:27:06.776000+00:00,"Hi there! We have an Arrow EZCut 240 machine, and it has not been die cutting correctly for quite some time. Is there somewhere where I can find a troubleshooting guide, or similar, to get this corrected? Thank you!",hi there we have an arrow ezcut 240 machine and it has not been die cutting correctly for quite some time is there somewhere where i can find a troubleshooting guide or similar to get this corrected thank you,215,39
6542838881,2024-02-17 10:22:42.799000+00:00,2024-02-17 10:22:42.801000+00:00,aloha,aloha,5,1
6542938985,2024-02-17 11:24:27.845000+00:00,2024-02-17 11:24:27.847000+00:00,"Hi, I need a hybrid system to be mounted in screen printing carousel",hi i need a hybrid system to be mounted in screen printing carousel,68,13
6544360099,2024-02-17 18:38:47.198000+00:00,2024-02-17 18:38:47.200000+00:00,I just want to know how much,i just want to know how much,28,7
6568592813,2024-02-21 09:46:30.931000+00:00,2024-02-21 09:46:30.933000+00:00,P65916B,p65916b,7,1
6577242139,2024-02-22 08:43:49.975000+00:00,2024-02-22 08:43:49.977000+00:00,"Hi, Im interested in buying a memjet printer, not sure which one yet, but as far as i can see the media you need to print on is very costly, would I be able to coat my own media and if so what kind of coating would i need to use?",hi im interested in buying a memjet printer not sure which one yet but as far as i can see the media you need to print on is very costly would i be able to coat my own media and if so what kind of coating would i need to use,229,51
6621974334,2024-02-28 12:33:23.212000+00:00,2024-02-28 12:33:23.214000+00:00,Hi. I am looking for ink for Afinia L801 plus. Can you help me?,hi i am looking for ink for afinia l801 plus can you help me,63,14
6659917651,2024-03-04 20:18:57+00:00,2024-03-04 20:18:57.002000+00:00,hi. the price please,hi the price please,20,4
6699765642,2024-03-09 17:29:14.969000+00:00,2024-03-09 17:29:14.971000+00:00,What is the current asking price for the arrowjet aqua 330r lite,what is the current asking price for the arrowjet aqua 330r lite,64,12
6703029783,2024-03-10 18:17:49.454000+00:00,2024-03-10 18:17:49.456000+00:00,Digital flexible,digital flexible,16,2
6708754434,2024-03-11 16:53:57.858000+00:00,2024-03-11 16:53:57.860000+00:00,I need to place an order but have no account,i need to place an order but have no account,44,10
6729955756,2024-03-14 08:51:17.089000+00:00,2024-03-14 08:51:17.091000+00:00,looking for water base ink digital press,looking for water base ink digital press,40,7
6742553409,2024-03-15 22:16:30.047000+00:00,2024-03-15 22:16:30.049000+00:00,Hi how much is the epson printer for stickers,hi how much is the epson printer for stickers,45,9
6747207706,2024-03-17 06:48:57.286000+00:00,2024-03-17 06:48:57.288000+00:00,Buongiorno mi servirebbe assistenza per stampande,buongiorno mi servirebbe assistenza per stampande,49,6
6791450016,2024-03-23 19:55:38.951000+00:00,2024-03-23 19:55:38.953000+00:00,Both flexo and gravure,both flexo and gravure,22,4
6795706627,2024-03-25 04:21:15.391000+00:00,2024-03-25 04:21:15.393000+00:00,what is the effect of uv varnish on water based varnish surface,what is the effect of uv varnish on water based varnish surface,63,12
6800837189,2024-03-25 18:49:12.279000+00:00,2024-03-25 18:49:12.281000+00:00,I‚Äôm looking for a Mylar bag printer,im looking for a mylar bag printer,35,7
6802558544,2024-03-25 22:52:37.176000+00:00,2024-03-25 22:52:37.178000+00:00,simplify whayt security printing is in simple words,simplify whayt security printing is in simple words,51,8
6810037834,2024-03-26 21:13:20.491000+00:00,2024-03-26 21:13:20.493000+00:00,"Hi there, do you still offer heat transfer machines?",hi there do you still offer heat transfer machines,52,9
6816358238,2024-03-27 18:20:25.578000+00:00,2024-03-27 18:20:25.580000+00:00,Plus plotter,plus plotter,12,2
6827517840,2024-03-29 10:41:44.742000+00:00,2024-03-29 10:41:44.744000+00:00,Digital printing single pass or multi pass differences,digital printing single pass or multi pass differences,54,8
6870979168,2024-04-04 17:14:04.088000+00:00,2024-04-04 17:14:04.090000+00:00,Could you provide a ballpark estimate of the price for your ARROWJET AQUA 330R HYBRID PRO?,could you provide a ballpark estimate of the price for your arrowjet aqua 330r hybrid pro,90,16
6871742538,2024-04-04 18:25:36.394000+00:00,2024-04-04 18:25:36.396000+00:00,Mylar bag printer machine,mylar bag printer machine,25,4
6888010658,2024-04-07 15:28:40.239000+00:00,2024-04-07 15:28:40.241000+00:00,Looking for your plotter prices?,looking for your plotter prices,32,5
6889113909,2024-04-07 22:43:01.048000+00:00,2024-04-07 22:43:01.050000+00:00,How much is the 250R laser cutting system?,how much is the 250r laser cutting system,42,8
6894505039,2024-04-08 15:23:07.262000+00:00,2024-04-08 15:23:07.264000+00:00,Hi .Do you have printing version for digital printing on check bank?,hi do you have printing version for digital printing on check bank,68,12
6896790437,2024-04-08 20:32:57.102000+00:00,2024-04-08 20:32:57.104000+00:00,I have called 12 times in the last hour with zero response. Our printer is down and need assistance immediately.,i have called 12 times in the last hour with zero response our printer is down and need assistance immediately,112,20
6900081545,2024-04-09 06:51:26.976000+00:00,2024-04-09 06:51:26.978000+00:00,"I have a printer EPSON ColorWorks C7500 but is there any accessory to fold the labels , because I print may labels at once",i have a printer epson colorworks c7500 but is there any accessory to fold the labels because i print may labels at once,122,24
6918768284,2024-04-11 06:47:49.714000+00:00,2024-04-11 06:47:49.716000+00:00,How much is this printer for plastic bags,how much is this printer for plastic bags,41,8
7002866226,2024-04-23 21:58:22.625000+00:00,2024-04-23 21:58:22.627000+00:00,15 inch plotter,15 inch plotter,15,3
7025551888,2024-04-26 19:13:17.712000+00:00,2024-04-26 19:13:17.714000+00:00,How does your printer work,how does your printer work,26,5
7029202746,2024-04-27 14:40:47.653000+00:00,2024-04-27 14:40:47.655000+00:00,"Please guide me to the correct printer that can print aluminum foil or plastic for food packaging. Of course, the weight of these materials is from 6 to 30 microns",please guide me to the correct printer that can print aluminum foil or plastic for food packaging of course the weight of these materials is from 6 to 30 microns,163,30
7033835523,2024-04-29 02:47:40.610000+00:00,2024-04-29 02:47:40.612000+00:00,Hola. Saludos. Soy de Venezuela.,hola saludos soy de venezuela,32,5
7053186197,2024-04-30 22:38:25.230000+00:00,2024-04-30 22:38:25.232000+00:00,Looking for printing barcodes etc directly on Mylar bags for my chocolate bars,looking for printing barcodes etc directly on mylar bags for my chocolate bars,78,13
7073655653,2024-05-03 15:40:25.372000+00:00,2024-05-03 15:40:25.374000+00:00,"Hello ,",hello,7,2
7075560358,2024-05-03 20:53:20.003000+00:00,2024-05-03 20:53:20.005000+00:00,I need a quote for Aircraft Vinyl Printer.,i need a quote for aircraft vinyl printer,42,8
7077116992,2024-05-04 04:35:07.603000+00:00,2024-05-04 04:35:07.605000+00:00,can we print transparent sticker in gravure method,can we print transparent sticker in gravure method,50,8
7078279268,2024-05-04 14:57:26.282000+00:00,2024-05-04 14:57:26.284000+00:00,Hello I am interested in your arrowjet 330R,hello i am interested in your arrowjet 330r,43,8
7087200173,2024-05-06 15:28:00.461000+00:00,2024-05-06 15:28:00.463000+00:00,career opportunities,career opportunities,20,2
7091004252,2024-05-07 00:54:30.975000+00:00,2024-05-07 00:54:30.977000+00:00,"Hi, I'm looking for a digital roll printing and supplies. Please contact me",hi im looking for a digital roll printing and supplies please contact me,75,13
7093141544,2024-05-07 10:40:35.262000+00:00,2024-05-07 10:40:35.264000+00:00,How much will this unit cost me?,how much will this unit cost me,32,7
7095392370,2024-05-07 13:53:19.417000+00:00,2024-05-07 13:53:19.419000+00:00,We are looking for a water base high gloss varnish to be use on a Heildelber SM74 with IR Drying system,we are looking for a water base high gloss varnish to be use on a heildelber sm74 with ir drying system,103,21
7115827275,2024-05-09 15:57:34.044000+00:00,2024-05-09 15:57:34.046000+00:00,25kg bag printing,25kg bag printing,17,3
7129205383,2024-05-11 17:34:23.767000+00:00,2024-05-11 17:34:23.769000+00:00,Colordyne 1800-c Support,colordyne 1800c support,24,3
7154967380,2024-05-15 14:56:55.892000+00:00,2024-05-15 14:56:55.894000+00:00,Price range for 250?,price range for 250,20,4
7161966721,2024-05-16 11:20:10.049000+00:00,2024-05-16 11:20:10.051000+00:00,x,x,1,1
7171385644,2024-05-17 14:03:54.132000+00:00,2024-05-17 14:03:54.134000+00:00,Gerber GSplus Plotters ‚Äì GS15 Plotter ‚Äì GS15plus ‚Äì GS15 Plus Plotter,gerber gsplus plotters gs15 plotter gs15plus gs15 plus plotter,68,12
7181109273,2024-05-19 16:31:37.313000+00:00,2024-05-19 16:31:37.315000+00:00,This machine price,this machine price,18,3
7196119333,2024-05-21 19:16:15.648000+00:00,2024-05-21 19:16:15.650000+00:00,Hi how are you? My name is Thomas,hi how are you my name is thomas,33,8
7250279834,2024-05-29 16:17:32.860000+00:00,2024-05-29 16:17:32.862000+00:00,hi - can your printhead print on silicone or other rubber material,hi can your printhead print on silicone or other rubber material,66,12
7270765209,2024-06-01 02:52:32.828000+00:00,2024-06-01 02:52:32.830000+00:00,What's the price,whats the price,16,3
7285423762,2024-06-03 22:03:49.541000+00:00,2024-06-03 22:03:49.543000+00:00,I need a printer to print in mylar!?,i need a printer to print in mylar,36,8
7302914061,2024-06-05 22:20:06.189000+00:00,2024-06-05 22:20:06.191000+00:00,Hello! I would like to place an order for labels,hello i would like to place an order for labels,48,10
7309397534,2024-06-06 17:24:39.670000+00:00,2024-06-06 17:24:39.672000+00:00,which printer (with media removal) would be a starting point for beer and soda bottles,which printer with media removal would be a starting point for beer and soda bottles,86,15
7325874053,2024-06-09 21:20:45.628000+00:00,2024-06-09 21:20:45.630000+00:00,Hybrid machkne,hybrid machkne,14,2
7345700017,2024-06-12 18:28:44.704000+00:00,2024-06-12 18:28:44.706000+00:00,Is this product safe to use on earrings hopes,is this product safe to use on earrings hopes,45,9
7345855928,2024-06-12 18:37:19.292000+00:00,2024-06-12 18:37:19.294000+00:00,can you print 600mm wide,can you print 600mm wide,24,5
7369141139,2024-06-17 01:34:30.609000+00:00,2024-06-17 01:34:30.611000+00:00,Is WinLine 9 a good printer driver for a Gerber GS 750plus plotter?,is winline 9 a good printer driver for a gerber gs 750plus plotter,67,13
7376994121,2024-06-18 01:38:07.328000+00:00,2024-06-18 01:38:07.330000+00:00,Printer to print on mylar bags,printer to print on mylar bags,30,6
7407663750,2024-06-23 00:57:31.832000+00:00,2024-06-23 00:57:31.834000+00:00,Ferber has 750,ferber has 750,14,3
7410751320,2024-06-24 00:02:42.186000+00:00,2024-06-24 00:02:42.188000+00:00,"Good morning, I am currently living in South Korea and would like to purchase 3 units each of Gerber's Process Pro Yellow - GCP-805 - 91m - FX, Process Pro Cyan - GCP-807 - 91m - FX, and Process Pro Magenta - GCP-873 - 91m for a total of 9 units. If I order, is it possible to have it shipped to Korea? If shipping to Korea is possible, I would like to receive a total quote via email, including how long it will take and shipping costs. I look forward to your reply as soon as possible. Thank you. Respectfully",good morning i am currently living in south korea and would like to purchase 3 units each of gerbers process pro yellow gcp805 91m fx process pro cyan gcp807 91m fx and process pro magenta gcp873 91m for a total of 9 units if i order is it possible to have it shipped to korea if shipping to korea is possible i would like to receive a total quote via email including how long it will take and shipping costs i look forward to your reply as soon as possible thank you respectfully,511,101
7417683841,2024-06-25 01:07:39.382000+00:00,2024-06-25 01:07:39.384000+00:00,"Gerber 750 30"" plotter",gerber 750 30 plotter,22,4
7422536977,2024-06-25 16:49:17.843000+00:00,2024-06-25 16:49:17.845000+00:00,Can I get a price for the arrowjet 330r please,can i get a price for the arrowjet 330r please,46,10
7492066313,2024-07-05 22:14:08.286000+00:00,2024-07-05 22:14:08.288000+00:00,Good day.,good day,9,2
7539220809,2024-07-12 20:32:07.985000+00:00,2024-07-12 20:32:07.987000+00:00,Do you provide product samples?,do you provide product samples,31,5
7543635103,2024-07-13 16:47:14.281000+00:00,2024-07-13 16:47:14.283000+00:00,Please i need to print plastic bags,please i need to print plastic bags,35,7
7553385349,2024-07-15 17:29:40.251000+00:00,2024-07-15 17:29:40.253000+00:00,Training for Matan SprinG3,training for matan spring3,26,4
7557275163,2024-07-16 02:30:27.453000+00:00,2024-07-16 02:30:27.455000+00:00,Price,price,5,1
7587806892,2024-07-19 19:41:23.498000+00:00,2024-07-19 19:41:23.500000+00:00,transparent clear 4x2 labels for printing on a Quicklabel QL-300 printer,transparent clear 4x2 labels for printing on a quicklabel ql300 printer,72,11
7588796065,2024-07-19 23:37:11.223000+00:00,2024-07-19 23:37:11.225000+00:00,Will UV varnish prevent paint from fading in the sun? Can you recommend one?,will uv varnish prevent paint from fading in the sun can you recommend one,76,14
7635778326,2024-07-26 14:24:49.758000+00:00,2024-07-26 14:24:49.760000+00:00,"Good morning,",good morning,13,2
7667909700,2024-07-31 15:02:45.292000+00:00,2024-07-31 15:02:45.294000+00:00,Hi what is the widest roll you can do,hi what is the widest roll you can do,37,9
7669056683,2024-07-31 17:17:36.801000+00:00,2024-07-31 17:17:36.803000+00:00,Does the arrowjet aqua 330r print labels or does it print directly onto the mylar bags?,does the arrowjet aqua 330r print labels or does it print directly onto the mylar bags,87,16
7705021789,2024-08-06 06:24:29.012000+00:00,2024-08-06 06:24:29.014000+00:00,carrier,carrier,7,1
7708228137,2024-08-06 15:56:51.440000+00:00,2024-08-06 15:56:51.442000+00:00,Specs and approximate cost of your smallest hybrid printer,specs and approximate cost of your smallest hybrid printer,58,9
7709010045,2024-08-06 17:13:54.658000+00:00,2024-08-06 17:13:54.660000+00:00,What email to use to send PO's for ordering,what email to use to send pos for ordering,43,9
7734913136,2024-08-09 20:23:14.915000+00:00,2024-08-09 20:23:14.917000+00:00,"Hi Team, I need help with priicng estimate",hi team i need help with priicng estimate,42,8
7735147184,2024-08-09 20:20:44.821000+00:00,2024-08-09 20:20:44.823000+00:00,"Hi team, Can you please help me with pricing estimate",hi team can you please help me with pricing estimate,53,10
7750299420,2024-08-12 20:59:32.765000+00:00,2024-08-12 20:59:32.767000+00:00,"Hi, owner of arrsys.com We want to introduce you to [Chat Data](https://www.chat-data.com), a powerful AI-powered customer support solution that can enhance your customer support with powerful AI at 24/7. Simply import your knowledge base and let AI handle your customer while you are away. You can take over the conversation anytime you want. With our AI chatbot plus live chat escalation, your customer support workflow will be more efficient and cost-effective, like this: https://cookbook.chat-data.com/#workflow Visit https://www.chat-data.com to give it a try",hi owner of arrsyscom we want to introduce you to chat datahttpswwwchatdatacom a powerful aipowered customer support solution that can enhance your customer support with powerful ai at 247 simply import your knowledge base and let ai handle your customer while you are away you can take over the conversation anytime you want with our ai chatbot plus live chat escalation your customer support workflow will be more efficient and costeffective like this httpscookbookchatdatacomworkflow visit httpswwwchatdatacom to give it a try,565,81
7772265267,2024-08-15 13:39:34.765000+00:00,2024-08-15 13:39:34.767000+00:00,Where can I find the expand one user manual,where can i find the expand one user manual,43,9
7775432593,2024-08-15 17:19:16.246000+00:00,2024-08-15 17:19:16.248000+00:00,"Hello, My name is David Kim from Redprinting. We are interested in purchasing an ArrowJet Aqua 330R, ArrowJet Aqua 330R L, or ArrowJet Aqua 330R Lite machine. Could we receive a quote? I need to present this to our CEO, so I would appreciate it if you could send the quote in a formal quotation format.",hello my name is david kim from redprinting we are interested in purchasing an arrowjet aqua 330r arrowjet aqua 330r l or arrowjet aqua 330r lite machine could we receive a quote i need to present this to our ceo so i would appreciate it if you could send the quote in a formal quotation format,302,56
7836661068,2024-08-22 23:54:42.452000+00:00,2024-08-22 23:54:42.454000+00:00,price of Arrowjet aqua 330,price of arrowjet aqua 330,26,5
7850431288,2024-08-25 07:23:25.470000+00:00,2024-08-25 07:23:25.472000+00:00,Is it available for sale in Taiwan?,is it available for sale in taiwan,35,7
7864824878,2024-08-27 13:38:49.153000+00:00,2024-08-27 13:38:49.155000+00:00,Price of the ARROWJET AQUA 330R LITE?,price of the arrowjet aqua 330r lite,37,7
7866686255,2024-08-27 17:49:45.954000+00:00,2024-08-27 17:49:45.956000+00:00,I was trying to contect,i was trying to contect,23,5
7895065617,2024-08-30 18:49:46.751000+00:00,2024-08-30 18:49:46.753000+00:00,Need a price for Gerber Edge FX,need a price for gerber edge fx,31,7
7915355953,2024-09-03 16:06:12.328000+00:00,2024-09-03 16:06:12.330000+00:00,how do i clean the filters on the filtrabox expand,how do i clean the filters on the filtrabox expand,50,10
7939105284,2024-09-06 14:51:55.364000+00:00,2024-09-06 14:51:55.366000+00:00,"Do you carry memjet inks? the parts number are: 10004688, 10006338, 10004691, 10004690",do you carry memjet inks the parts number are 10004688 10006338 10004691 10004690,86,13
7946770613,2024-09-08 15:38:16.167000+00:00,2024-09-08 15:38:16.169000+00:00,Looking for a printer that can print color graphics on plastic boxes. Short runs of 2000 boxes a week with several different graphics,looking for a printer that can print color graphics on plastic boxes short runs of 2000 boxes a week with several different graphics,133,23
7952213938,2024-09-09 15:17:01.497000+00:00,2024-09-09 15:17:01.499000+00:00,I want to talk to a sales person,i want to talk to a sales person,32,8
7954586729,2024-09-09 20:13:18.668000+00:00,2024-09-09 20:13:18.670000+00:00,Spare parts,spare parts,11,2
7979640894,2024-09-12 15:03:55.558000+00:00,2024-09-12 15:03:55.560000+00:00,i need part numbers and pricing for ink,i need part numbers and pricing for ink,39,8
7982128023,2024-09-12 20:09:00.115000+00:00,2024-09-12 20:09:00.117000+00:00,"Hi, I am looking for aircraft interior placards printing & cutting system.",hi i am looking for aircraft interior placards printing cutting system,74,12
8001442650,2024-09-16 20:16:15.963000+00:00,2024-09-16 20:16:15.965000+00:00,we are looking for an affordable printing option for in-house mylar bags and any custom projects we can help customers with,we are looking for an affordable printing option for inhouse mylar bags and any custom projects we can help customers with,123,21
8056546197,2024-09-24 13:00:47.870000+00:00,2024-09-24 13:00:47.872000+00:00,Hope i have the right company. i need support with parts for a 325 6 F. it's an older converting machine.,hope i have the right company i need support with parts for a 325 6 f its an older converting machine,105,21
8073795855,2024-09-26 03:14:52.261000+00:00,2024-09-26 03:14:52.263000+00:00,I want to see open opportunities,i want to see open opportunities,32,6
8078065070,2024-09-26 17:04:35.802000+00:00,2024-09-26 17:04:35.804000+00:00,Flexible packaing,flexible packaing,17,2
8093182624,2024-09-29 16:17:16.764000+00:00,2024-09-29 16:17:16.766000+00:00,Can I know the headquarter of this company?,can i know the headquarter of this company,43,8
8094668694,2024-09-30 02:36:54.669000+00:00,2024-09-30 02:36:54.671000+00:00,Are you a real person,are you a real person,21,5
8099872869,2024-09-30 18:57:57.986000+00:00,2024-09-30 18:57:57.988000+00:00,Can it be used to make labels using fabrics like cotton or satin ?,can it be used to make labels using fabrics like cotton or satin,66,14
8109090215,2024-10-01 17:37:32.341000+00:00,2024-10-01 17:37:32.343000+00:00,careers,careers,7,1
8142905216,2024-10-07 08:33:28.915000+00:00,2024-10-07 08:33:28.917000+00:00,hello i want send you mi CV,hello i want send you mi cv,27,7
8144720541,2024-10-07 14:33:18.353000+00:00,2024-10-07 14:33:18.355000+00:00,How do we purchase the ink?,how do we purchase the ink,27,6
8160086190,2024-10-09 14:19:09.719000+00:00,2024-10-09 14:19:09.721000+00:00,Good Morning we are looking for a replacement piece for the GERBER GS750 Plus,good morning we are looking for a replacement piece for the gerber gs750 plus,77,14
8167135012,2024-10-10 14:04:48.729000+00:00,2024-10-10 14:04:48.731000+00:00,"I believe we've reached out before about a laser cutter, but it's just not in the budget. We're looking for a way to take care of odd stuff and short runs. 13in rolls. Want to be able to kiss cut, sheet and slit. Like the EZ Cut 330a? the 350r says something about a sheeting system as well. Have any solutions for that?",i believe weve reached out before about a laser cutter but its just not in the budget were looking for a way to take care of odd stuff and short runs 13in rolls want to be able to kiss cut sheet and slit like the ez cut 330a the 350r says something about a sheeting system as well have any solutions for that,320,63
8169801339,2024-10-10 19:53:17.728000+00:00,2024-10-10 19:53:17.730000+00:00,Any-002 printer,any002 printer,15,2
8170467932,2024-10-10 21:30:29.451000+00:00,2024-10-10 21:30:29.453000+00:00,do employees get health and dental benefits,do employees get health and dental benefits,43,7
8176867343,2024-10-11 20:21:50.638000+00:00,2024-10-11 20:21:50.640000+00:00,Gerber GS 750 pounce pattern tool,gerber gs 750 pounce pattern tool,33,6
8192369262,2024-10-15 06:45:55.137000+00:00,2024-10-15 06:45:55.139000+00:00,Hello ƒ± want to ask some details about your product ( ArrowJet Aqua 800M ) it is suitable for flexible packaging ? do you print on the pet material. And do you have a customer for using deverse print ? and also ƒ± want to send lamination process when your printing done. is it suitable for lamination process.,hello ƒ± want to ask some details about your product arrowjet aqua 800m it is suitable for flexible packaging do you print on the pet material and do you have a customer for using deverse print and also ƒ± want to send lamination process when your printing done is it suitable for lamination process,308,58
8196498869,2024-10-15 16:16:22.162000+00:00,2024-10-15 16:16:22.164000+00:00,Small Label Printer,small label printer,19,3
8234927901,2024-10-19 04:55:52.706000+00:00,2024-10-19 04:55:52.708000+00:00,How much do your printers cost,how much do your printers cost,30,6
8256139272,2024-10-22 12:52:02.972000+00:00,2024-10-22 12:52:02.974000+00:00,Hi There,hi there,8,2
8269742725,2024-10-24 09:57:44.814000+00:00,2024-10-24 09:57:44.816000+00:00,Where are u located,where are u located,19,4
8299478791,2024-10-30 16:40:50.337000+00:00,2024-10-30 16:40:50.339000+00:00,how much does the gerber edge fx cost,how much does the gerber edge fx cost,37,8
8305072781,2024-10-31 15:09:19.418000+00:00,2024-10-31 15:09:19.420000+00:00,Hello Good morning,hello good morning,18,3
8310469240,2024-11-01 15:56:44.348000+00:00,2024-11-01 15:56:44.350000+00:00,Gerber Envision 375 Plotter. do you have any in stock,gerber envision 375 plotter do you have any in stock,53,10
8321263123,2024-11-04 16:01:00.784000+00:00,2024-11-04 16:01:00.786000+00:00,Hi.I am looking for Gerber Edge 2 matherboar,hii am looking for gerber edge 2 matherboar,44,8
8326337899,2024-11-05 15:36:49.983000+00:00,2024-11-05 15:36:49.985000+00:00,"Hello Good day, I'm Jonas from Enexco LTD. We would love to get more information about these products we saw on your website: Please If you have a company catalogue i will love to go through it too, maybe we could see more products we would love. Best Regards Jonas Drechsler |Purchasing Department. ENEXCO LTD Smedestraat 8, 1101 BA Maastricht, Netherlands. +3197010587549",hello good day im jonas from enexco ltd we would love to get more information about these products we saw on your website please if you have a company catalogue i will love to go through it too maybe we could see more products we would love best regards jonas drechsler purchasing department enexco ltd smedestraat 8 1101 ba maastricht netherlands 3197010587549,373,62
8331851293,2024-11-06 17:51:37.733000+00:00,2024-11-06 17:51:37.735000+00:00,support email is support@arrsys.com ?,support email is supportarrsyscom,37,5
8369272444,2024-11-14 13:08:51.585000+00:00,2024-11-14 13:08:51.587000+00:00,"I tried ordering through your website but I'm encountering some problems. Can I send you the list of my order via email? Do you accept a US credit card for pre-payment? Also, my freight forwarder will schedule the pick up as soon as all order are ready. Do you accept freight forwarders for pick up at your facility to handle shipment to Cayman Islands? Regards, Luke Holyfield President & CEO Mobile : +1 585 496 7043 Email: lukeholyfield10@gmail.com PYRAMID CREATIVE SUPPLIES 117 School Road,Grand Cayman, Cayman Islands",i tried ordering through your website but im encountering some problems can i send you the list of my order via email do you accept a us credit card for prepayment also my freight forwarder will schedule the pick up as soon as all order are ready do you accept freight forwarders for pick up at your facility to handle shipment to cayman islands regards luke holyfield president ceo mobile 1 585 496 7043 email lukeholyfield10gmailcom pyramid creative supplies 117 school roadgrand cayman cayman islands,522,87
8375675264,2024-11-15 18:26:31.718000+00:00,2024-11-15 18:26:31.720000+00:00,QL300 label printer,ql300 label printer,19,3
8391449137,2024-11-19 15:31:38.368000+00:00,2024-11-19 15:31:38.370000+00:00,Looking for a unit to fill and seal mylar bags in one unit .,looking for a unit to fill and seal mylar bags in one unit,60,14
8394278251,2024-11-20 03:22:02.160000+00:00,2024-11-20 03:22:02.162000+00:00,can I contact sales person now?,can i contact sales person now,31,6
8400909331,2024-11-21 12:26:38.744000+00:00,2024-11-21 12:26:38.746000+00:00,What printer is best for aluminium placards used in aircraft?,what printer is best for aluminium placards used in aircraft,61,10
8427241039,2024-11-27 19:04:22.891000+00:00,2024-11-27 19:04:22.893000+00:00,"Hello, I am reaching out to request information about the materials you offer for the manufacturing of aircraft interior placards. I am currently looking for a supplier to produce some placards, and I am interested in learning about your capabilities, material options, and services.",hello i am reaching out to request information about the materials you offer for the manufacturing of aircraft interior placards i am currently looking for a supplier to produce some placards and i am interested in learning about your capabilities material options and services,283,44
8458039913,2024-12-04 20:39:11.022000+00:00,2024-12-04 20:39:11.024000+00:00,How can i get prices of the mylar bag printer and cutter,how can i get prices of the mylar bag printer and cutter,56,12
8462902435,2024-12-05 21:29:04.358000+00:00,2024-12-05 21:29:04.360000+00:00,Are your water based pigment inks washable and dry cleanable as we print on narrow fabric products?,are your water based pigment inks washable and dry cleanable as we print on narrow fabric products,99,17
8466807987,2024-12-06 16:38:57.803000+00:00,2024-12-06 16:38:57.805000+00:00,aAe your Aqueous ink washable,aae your aqueous ink washable,29,5
8485918633,2024-12-11 04:51:57.682000+00:00,2024-12-11 04:51:57.684000+00:00,label for aircraft catering trolley and units,label for aircraft catering trolley and units,45,7
8504911485,2024-12-14 19:59:55.167000+00:00,2024-12-14 19:59:55.169000+00:00,What is 41 dollars?,what is 41 dollars,19,4
8536741249,2024-12-20 23:33:38.657000+00:00,2024-12-20 23:33:38.659000+00:00,Are you able to provide technical support on Saturdays for the EZ cut 330R,are you able to provide technical support on saturdays for the ez cut 330r,74,14
8550639748,2024-12-26 16:15:21.915000+00:00,2024-12-26 16:15:21.917000+00:00,"Dear, Are you looking to boost your business with a custom mobile app? At Hoff & Mazor, we specialize in creating innovative and user-friendly apps tailored to your unique needs. Benefits of choosing us: 1. Customized solutions 2. User-friendly design 3. Timely delivery 4. Ongoing support Don't miss out on the opportunity to stand out from the competition. Contact us today for a consultation! Wishing you well this holiday season and throughout 2025. Best regards, Mike Smith Hoff & Mazor mike@hoffnmazordevelop.com Respond with stop to optout.",dear are you looking to boost your business with a custom mobile app at hoff mazor we specialize in creating innovative and userfriendly apps tailored to your unique needs benefits of choosing us 1 customized solutions 2 userfriendly design 3 timely delivery 4 ongoing support dont miss out on the opportunity to stand out from the competition contact us today for a consultation wishing you well this holiday season and throughout 2025 best regards mike smith hoff mazor mikehoffnmazordevelopcom respond with stop to optout,547,86
8557500302,2024-12-29 10:24:11.125000+00:00,2024-12-29 10:24:11.127000+00:00,"Hello, my name is Reza and I wanted to ask you for your advice. What digital printing machine should I buy for printing different types of film such as opp, pet, and pe for food packaging, such as UV, etc. The minimum print width is 200 mm and the maximum print width is 950 mm. The maximum length of the print is 1100 mm, of course, I want to print roll to roll",hello my name is reza and i wanted to ask you for your advice what digital printing machine should i buy for printing different types of film such as opp pet and pe for food packaging such as uv etc the minimum print width is 200 mm and the maximum print width is 950 mm the maximum length of the print is 1100 mm of course i want to print roll to roll,362,73
8573618772,2025-01-03 15:09:06.912000+00:00,2025-01-03 15:09:06.914000+00:00,Can you use this type of varnish on cement candle pots,can you use this type of varnish on cement candle pots,54,11
8633672073,2025-01-17 02:51:48.846000+00:00,2025-01-17 02:51:48.848000+00:00,do you print placards or selling the printer to self print?,do you print placards or selling the printer to self print,59,11
8685206626,2025-01-29 12:29:17.543000+00:00,2025-01-29 12:29:17.545000+00:00,Do u sell to Canada?,do u sell to canada,20,5
8687351139,2025-01-29 19:00:32.046000+00:00,2025-01-29 19:00:32.048000+00:00,Is this new? How much to ship?,is this new how much to ship,30,7
8691383211,2025-01-30 14:55:28.338000+00:00,2025-01-30 14:55:28.340000+00:00,Print and cut system. What is the price?,print and cut system what is the price,40,8
8704305951,2025-02-02 16:27:22.999000+00:00,2025-02-02 16:27:23.001000+00:00,finishing system 330mm,finishing system 330mm,22,3
8714301552,2025-02-04 16:00:34.148000+00:00,2025-02-04 16:00:34.150000+00:00,"Hello, I am needing to purchase a printer that can make placards.",hello i am needing to purchase a printer that can make placards,65,12
8716412517,2025-02-05 01:03:09.233000+00:00,2025-02-05 01:03:09.235000+00:00,Difference between Mylar bags and freezer bags,difference between mylar bags and freezer bags,46,7
8728633913,2025-02-07 13:53:44.118000+00:00,2025-02-07 13:53:44.120000+00:00,Hi I am interesting in aqua 800,hi i am interesting in aqua 800,31,7
8731691857,2025-02-07 21:21:39.189000+00:00,2025-02-07 21:21:39.191000+00:00,I'm looking for Gerber part # 52549A,im looking for gerber part 52549a,36,7
8739779001,2025-02-10 14:09:37.021000+00:00,2025-02-10 14:09:37.023000+00:00,Good morning I would like to know who is your distributor for Italy. A thousand thanks,good morning i would like to know who is your distributor for italy a thousand thanks,86,16
8749919317,2025-02-12 13:34:17.680000+00:00,2025-02-12 13:34:17.682000+00:00,DO YOU OFFER REPAIRS FOR THESE PRINBTERS,do you offer repairs for these prinbters,40,7
8768216869,2025-02-17 01:24:35.791000+00:00,2025-02-17 01:24:35.793000+00:00,How much is the 330r?,how much is the 330r,21,5
8775965831,2025-02-18 18:23:59.605000+00:00,2025-02-18 18:23:59.607000+00:00,how many price of arrowjet aqua 330r,how many price of arrowjet aqua 330r,36,7
8781513908,2025-02-19 18:09:16.395000+00:00,2025-02-19 18:09:16.397000+00:00,Do you service the Gerber FX printer & Envision plotters?,do you service the gerber fx printer envision plotters,57,10
8788545864,2025-02-21 00:05:12.235000+00:00,2025-02-21 00:05:12.237000+00:00,I did not get my order,i did not get my order,22,6
8789521295,2025-02-21 04:54:18.248000+00:00,2025-02-21 04:54:18.250000+00:00,How many price arrow jet aqua 330r,how many price arrow jet aqua 330r,34,7
8791670649,2025-02-21 16:13:18.969000+00:00,2025-02-21 16:13:18.971000+00:00,do you have trojan t2-c print heads,do you have trojan t2c print heads,35,7
8805454909,2025-02-25 08:48:16.542000+00:00,2025-02-25 08:48:16.544000+00:00,PCS-ENV375,pcsenv375,10,1
8813793119,2025-02-26 20:14:23.337000+00:00,2025-02-26 20:14:23.339000+00:00,"What are the suggested vinyls for aircraft numbering? print solution, colors vinyl solution, and the relevant over laminates? Is there a guide illustrating requirements?",what are the suggested vinyls for aircraft numbering print solution colors vinyl solution and the relevant over laminates is there a guide illustrating requirements,169,24
8814759291,2025-02-27 00:05:05.773000+00:00,2025-02-27 00:05:05.775000+00:00,"Wikipedia is considered to be the World‚Äôs most significant tool for reference material. The Wiki links show up on the 1st page of Google 97% of the time. With a Page on one of the most revered reference tools, you are sure to get yourself or your business noticed. So if you're thinking of getting a Wikipedia Page created, it's the best time of the year. If you are interested in getting more information just respond back to this email. Thanks, Chloe Martin Sales Executive Wiki Thinkers chloe@wikithinkersllc.com Respond with stop to optout.",wikipedia is considered to be the worlds most significant tool for reference material the wiki links show up on the 1st page of google 97 of the time with a page on one of the most revered reference tools you are sure to get yourself or your business noticed so if youre thinking of getting a wikipedia page created its the best time of the year if you are interested in getting more information just respond back to this email thanks chloe martin sales executive wiki thinkers chloewikithinkersllccom respond with stop to optout,544,93
8815527327,2025-02-27 06:26:49.981000+00:00,2025-02-27 06:26:49.983000+00:00,3ft/5ft uv flatbed printer,3ft5ft uv flatbed printer,26,4
8824339887,2025-02-28 23:21:40.847000+00:00,2025-02-28 23:21:40.849000+00:00,Hoe much aqua330R,hoe much aqua330r,17,3
8847076523,2025-03-06 16:50:30.017000+00:00,2025-03-06 16:50:30.019000+00:00,I am trying to get pricing on a MYLAR BAG PRINTER.. Something that will print on the bags or print the material and then cut the bags.. Do you have asolucation like that?,i am trying to get pricing on a mylar bag printer something that will print on the bags or print the material and then cut the bags do you have asolucation like that,170,33
8848902582,2025-03-07 00:34:58.701000+00:00,2025-03-07 00:34:58.703000+00:00,How much does it his machine cost?,how much does it his machine cost,34,7
8856031595,2025-03-09 08:02:36.922000+00:00,2025-03-09 08:02:36.924000+00:00,flexible packaging digital print machine,flexible packaging digital print machine,40,5
8873200710,2025-03-12 21:14:12.383000+00:00,2025-03-12 21:14:12.385000+00:00,"Yes, my email is darrenb@westbrand.ca and I would like to set up a meeting next week to discuss direct to box printing solutions‚Ä¶ thanks Darren Baumgardner Westbrand Group Ltd.",yes my email is darrenbwestbrandca and i would like to set up a meeting next week to discuss direct to box printing solutions thanks darren baumgardner westbrand group ltd,176,29
8888826464,2025-03-17 08:00:51.882000+00:00,2025-03-17 08:00:51.884000+00:00,you location,you location,12,2
8897492109,2025-03-18 18:11:27.002000+00:00,2025-03-18 18:11:27.004000+00:00,recruiter,recruiter,9,1
8906692676,2025-03-20 05:51:15.352000+00:00,2025-03-20 05:51:15.354000+00:00,Heelo,heelo,5,1
8937900080,2025-03-26 14:48:29.935000+00:00,2025-03-26 14:48:29.937000+00:00,PET quote.,pet quote,10,2
8945471320,2025-03-27 21:17:35.586000+00:00,2025-03-27 21:17:35.588000+00:00,Hi what is the shortest run of sleves you will make?,hi what is the shortest run of sleves you will make,52,11
8949015620,2025-03-28 13:37:22.074000+00:00,2025-03-28 13:37:22.076000+00:00,where do i purchase arrowjet consumables,where do i purchase arrowjet consumables,40,6
8963791726,2025-04-01 03:21:35.053000+00:00,2025-04-01 03:21:35.055000+00:00,Maximum printing width,maximum printing width,22,3
8977075752,2025-04-02 23:58:11.899000+00:00,2025-04-02 23:58:11.901000+00:00,we are vendor,we are vendor,13,3
8979846759,2025-04-03 14:04:07.263000+00:00,2025-04-03 14:04:07.265000+00:00,Printer support in Florida,printer support in florida,26,4
8985265451,2025-04-04 14:48:11.580000+00:00,2025-04-04 14:48:11.582000+00:00,"I'm looking for a quote to upgrade the computer to Windows 11 of our Matan Spring3, serial 7900713.",im looking for a quote to upgrade the computer to windows 11 of our matan spring3 serial 7900713,99,18
8985633926,2025-04-04 15:39:15.262000+00:00,2025-04-04 15:39:15.264000+00:00,Do you print short run labels,do you print short run labels,29,6
8999137878,2025-04-08 07:32:52.223000+00:00,2025-04-08 07:32:52.225000+00:00,"Hi, i wanted to ask that do you have an office in germany ? how german clients can talk to you ?",hi i wanted to ask that do you have an office in germany how german clients can talk to you,96,22
9011251384,2025-04-10 11:43:15.023000+00:00,2025-04-10 11:43:15.025000+00:00,do you have a certificate from ISo,do you have a certificate from iso,34,7
9019068963,2025-04-11 22:14:52.099000+00:00,2025-04-11 22:14:52.101000+00:00,Price?,price,6,1
9021841039,2025-04-12 23:48:12.609000+00:00,2025-04-12 23:48:12.611000+00:00,how much this machine price?,how much this machine price,28,5
9029269639,2025-04-14 16:46:10.139000+00:00,2025-04-14 16:46:10.141000+00:00,what is the right digital printer solution to print sleeves for our cans and bottles. with finishing,what is the right digital printer solution to print sleeves for our cans and bottles with finishing,100,17
9031127466,2025-04-14 21:46:00.633000+00:00,2025-04-14 21:46:00.635000+00:00,hi how fast can you ship a printing system to New York City,hi how fast can you ship a printing system to new york city,59,13
9042094259,2025-04-16 20:07:57.981000+00:00,2025-04-16 20:07:57.983000+00:00,Yes,yes,3,1
9042325566,2025-04-16 20:34:04.040000+00:00,2025-04-16 20:34:04.042000+00:00,"Hi, please send me the Bundle offer of Arrow Jet Aqua and EzCut. Best regards Piotr Brych piotr@experci.com.pl",hi please send me the bundle offer of arrow jet aqua and ezcut best regards piotr brych piotrexpercicompl,110,18
9044666209,2025-04-17 12:23:52.921000+00:00,2025-04-17 12:23:52.923000+00:00,I did not receive my order...number127997-832266...my name is Barb Igou,i did not receive my ordernumber127997832266my name is barb igou,71,10
9047290399,2025-04-17 21:29:28.329000+00:00,2025-04-17 21:29:28.331000+00:00,I am a dealer,i am a dealer,13,4
9050697106,2025-04-18 17:31:15.112000+00:00,2025-04-18 17:31:15.114000+00:00,any human availavble?,any human availavble,21,3
9052200503,2025-04-19 13:32:09.891000+00:00,2025-04-19 13:32:09.893000+00:00,Hello yes please,hello yes please,16,3
9052457022,2025-04-19 14:52:02.509000+00:00,2025-04-19 14:52:02.511000+00:00,ARROWJET AQUA 330R HYBRID PRO,arrowjet aqua 330r hybrid pro,29,5
9052843808,2025-04-19 18:05:38.476000+00:00,2025-04-19 18:05:38.478000+00:00,"Congratulations for the new printing press, it looks great. I am in the packaging business so I have one question: what about the white color? Thanks",congratulations for the new printing press it looks great i am in the packaging business so i have one question what about the white color thanks,149,26
9054083095,2025-04-20 09:34:28.864000+00:00,2025-04-20 09:34:28.866000+00:00,I am looking for a printer i can use for small mylar bags...I also need mylar bags material as well,i am looking for a printer i can use for small mylar bagsi also need mylar bags material as well,99,20
9079623807,2025-04-26 01:17:39.196000+00:00,2025-04-26 01:17:39.198000+00:00,Do you sell coffee cups,do you sell coffee cups,23,5
9088804735,2025-04-28 22:12:12.429000+00:00,2025-04-28 22:12:12.431000+00:00,tintas,tintas,6,1
9110099032,2025-05-03 22:28:47.266000+00:00,2025-05-03 22:28:47.268000+00:00,What materials can the ArrowJet Aqua 330R print on?,what materials can the arrowjet aqua 330r print on,51,9
9117441455,2025-05-06 04:41:55.155000+00:00,2025-05-06 04:41:55.157000+00:00,How much are machines,how much are machines,21,4
9118098246,2025-05-06 06:08:02.743000+00:00,2025-05-06 06:08:02.745000+00:00,where are you located,where are you located,21,4
9124485792,2025-05-07 09:50:52.898000+00:00,2025-05-07 09:50:52.900000+00:00,I am in the state of Washington on West coast,i am in the state of washington on west coast,45,10
9136435105,2025-05-09 20:59:26.686000+00:00,2025-05-09 20:59:26.688000+00:00,do you sell vffs film?,do you sell vffs film,22,5
9173563533,2025-05-19 18:37:46.839000+00:00,2025-05-19 18:37:46.841000+00:00,I am looking for a user manual for the arrowjet aqua 330r,i am looking for a user manual for the arrowjet aqua 330r,57,12
9180659607,2025-05-21 04:47:37.721000+00:00,2025-05-21 04:47:37.723000+00:00,Aircraft interial placards,aircraft interial placards,26,3
9181292461,2025-05-21 07:48:04.051000+00:00,2025-05-21 07:48:04.053000+00:00,Good morning . im looking for a printer for printing aircraft placard. any advice ?,good morning im looking for a printer for printing aircraft placard any advice,83,15
9181473416,2025-05-21 09:24:58.067000+00:00,2025-05-21 09:24:58.069000+00:00,Can i buy aircraft cabin placard materials ?,can i buy aircraft cabin placard materials,44,8
9194854296,2025-05-23 00:21:53.015000+00:00,2025-05-23 00:21:53.017000+00:00,What are settings for Gerber edge 2 for DT white material tee shirt photo printing,what are settings for gerber edge 2 for dt white material tee shirt photo printing,82,15
9199605341,2025-05-24 00:46:38.372000+00:00,2025-05-24 00:46:38.374000+00:00,Where are you located?,where are you located,22,4
9200438129,2025-05-24 07:45:59.393000+00:00,2025-05-24 07:45:59.395000+00:00,Good day - price pls,good day price pls,20,5
9234616696,2025-06-01 21:06:38.435000+00:00,2025-06-01 21:06:38.437000+00:00,Placed order 5/16/25. Order has not shipped. Order #128934-939832. Could you please let me know why. Thanks,placed order 51625 order has not shipped order 128934939832 could you please let me know why thanks,107,17
9245729853,2025-06-04 01:38:25.710000+00:00,2025-06-04 01:38:25.712000+00:00,What does a new Gerber FX thermal printer sell for,what does a new gerber fx thermal printer sell for,50,10
9271674142,2025-06-10 17:39:29.682000+00:00,2025-06-10 17:39:29.684000+00:00,do you have inventory of 9877 tape,do you have inventory of 9877 tape,34,7
9280596584,2025-06-12 14:05:32.538000+00:00,2025-06-12 14:05:32.540000+00:00,how much does a gerber gs 15 plus cost,how much does a gerber gs 15 plus cost,38,9
9294948225,2025-06-16 19:01:53.079000+00:00,2025-06-16 19:01:53.081000+00:00,"hello, does the ArrowJet Aqua 330R do foil labels?",hello does the arrowjet aqua 330r do foil labels,50,9
9302608802,2025-06-18 13:39:26.339000+00:00,2025-06-18 13:39:26.341000+00:00,Whats the price of arrowjet,whats the price of arrowjet,27,5
9302608902,2025-06-18 13:40:07.068000+00:00,2025-06-18 13:40:07.070000+00:00,Whats the price of arrowjet nova 250?,whats the price of arrowjet nova 250,37,7
9318449941,2025-06-22 17:19:57.992000+00:00,2025-06-22 17:19:57.994000+00:00,what is the best entry level label machine,what is the best entry level label machine,42,8
9321634143,2025-06-23 09:06:29.975000+00:00,2025-06-23 09:06:29.977000+00:00,I want to buy the latest printing machine for big company,i want to buy the latest printing machine for big company,57,11
9322382351,2025-06-23 13:31:29.640000+00:00,2025-06-23 13:31:29.642000+00:00,i want to see the brusher or types of print,i want to see the brusher or types of print,43,10
9322489498,2025-06-23 13:54:01.198000+00:00,2025-06-23 13:54:01.200000+00:00,path page sequence error,path page sequence error,24,4
9333989926,2025-06-25 17:54:22.633000+00:00,2025-06-25 17:54:22.635000+00:00,Gerber Edge fx,gerber edge fx,14,3
9336552324,2025-06-26 07:02:52.821000+00:00,2025-06-26 07:02:52.823000+00:00,"I would like to inquire Gerber products,can you let me who I can reach out?Thanks",i would like to inquire gerber productscan you let me who i can reach outthanks,81,15
9341392393,2025-06-27 10:53:12.010000+00:00,2025-06-27 10:53:12.012000+00:00,arrow jet aqua 800m,arrow jet aqua 800m,19,4
9349328510,2025-06-30 10:44:12.129000+00:00,2025-06-30 10:44:12.131000+00:00,"Yes would like to purchase a platter. Would like to know the price and if I can be shipped overnight,",yes would like to purchase a platter would like to know the price and if i can be shipped overnight,101,20
9357983051,2025-07-01 18:45:00.401000+00:00,2025-07-01 18:45:00.403000+00:00,"do you sell paper for the 30""",do you sell paper for the 30,29,7
9362157103,2025-07-02 16:10:18.733000+00:00,2025-07-02 16:10:18.735000+00:00,do you sell thermal transfer ribbon,do you sell thermal transfer ribbon,35,6
9362497042,2025-07-02 17:50:13.028000+00:00,2025-07-02 17:50:13.030000+00:00,"Hey there If we managed to reach you, imagine what we could do for you. We help businesses show up, stand out, and scale up online with: ‚Ä¢ Website Design, Development & Redesign ‚Ä¢ Website Maintenance & Speed Optimization ‚Ä¢ Social Media Management & Branded Post Design ‚Ä¢ SEO (Local, On-page, Off-page ‚Äî the whole deal) ‚Ä¢ Paid Ads on Google, Facebook & Instagram ‚Ä¢ Ad Campaign Management & Optimization ‚Ä¢ Graphics & Marketing Collateral (banners, flyers, you name it) Whether you're launching, revamping, or tired of spinning your wheels ‚Äî we‚Äôll help turn your digital presence into a lead machine. Let‚Äôs connect for a quick intro call. You bring your goals, we‚Äôll bring the plan. Best Regards, Sophia Lee Digital Services Provider sophia@digitalservicesprovider.com Please respond if you no longer wish to be contacted by me.",hey there if we managed to reach you imagine what we could do for you we help businesses show up stand out and scale up online with website design development redesign website maintenance speed optimization social media management branded post design seo local onpage offpage the whole deal paid ads on google facebook instagram ad campaign management optimization graphics marketing collateral banners flyers you name it whether youre launching revamping or tired of spinning your wheels well help turn your digital presence into a lead machine lets connect for a quick intro call you bring your goals well bring the plan best regards sophia lee digital services provider sophiadigitalservicesprovidercom please respond if you no longer wish to be contacted by me,825,136
9363690557,2025-07-02 23:14:41.854000+00:00,2025-07-02 23:14:41.856000+00:00,I'm looking for a color printer that can print directly on mylar bags,im looking for a color printer that can print directly on mylar bags,69,13
9368157536,2025-07-03 16:41:56.810000+00:00,2025-07-03 16:41:56.812000+00:00,Hi l order a idum on line,hi l order a idum on line,25,7
9371942994,2025-07-04 12:14:37.709000+00:00,2025-07-04 12:14:37.711000+00:00,What is the smallest flexible packaging printer you have and what is the cost,what is the smallest flexible packaging printer you have and what is the cost,77,14
9375267499,2025-07-05 06:22:14.329000+00:00,2025-07-05 06:22:14.331000+00:00,Printing,printing,8,1
9384070673,2025-07-08 05:51:32.707000+00:00,2025-07-08 05:51:32.709000+00:00,Looking to print on shrink film,looking to print on shrink film,31,6
9390131289,2025-07-09 12:51:10.983000+00:00,2025-07-09 12:51:10.985000+00:00,Collaboration,collaboration,13,1
9396630822,2025-07-10 12:50:50.222000+00:00,2025-07-10 12:50:50.224000+00:00,Hi!! I am interested in placing an order for foils for my Gerber Edge FX printer.,hi i am interested in placing an order for foils for my gerber edge fx printer,81,16
9406806389,2025-07-12 21:28:33.328000+00:00,2025-07-12 21:28:33.330000+00:00,"Hello, I need more information about your digital Printer for PET bags",hello i need more information about your digital printer for pet bags,70,12
9413165187,2025-07-14 20:11:49.648000+00:00,2025-07-14 20:11:49.650000+00:00,do you have toners for the any-002,do you have toners for the any002,34,7
9434392175,2025-07-17 18:24:05.099000+00:00,2025-07-17 18:24:05.101000+00:00,can the ql-300 print a 7 inch wide label on vinyl?,can the ql300 print a 7 inch wide label on vinyl,50,11
9434862404,2025-07-17 20:21:09.659000+00:00,2025-07-17 20:21:09.661000+00:00,do you have a phone number i can call for support,do you have a phone number i can call for support,49,11
9438785127,2025-07-18 13:30:30.498000+00:00,2025-07-18 13:30:30.500000+00:00,envision 375 tabletop plotter price,envision 375 tabletop plotter price,35,5
9450991744,2025-07-21 13:07:45.976000+00:00,2025-07-21 13:07:45.978000+00:00,We are looking for digital printing machine,we are looking for digital printing machine,43,7
9452528145,2025-07-21 18:58:28.109000+00:00,2025-07-21 18:58:28.111000+00:00,Do you carry Gerber color foils,do you carry gerber color foils,31,6
9453808710,2025-07-22 02:00:03.074000+00:00,2025-07-22 02:00:03.076000+00:00,"I was interested in your Overjet Pro printing system. We are currently using a 4 color, 8 head ink jet printer from INX to print our containers, but this printer is getting pretty old, and somewhat unreliable. We are looking for a replacement that will handle our containers. We furnish ToGo containers for restaurants, but we can print a logo or other information on the containers. We have customers all over the US, and are looking at many new ones which may require a second print line, and maybe an upgrade to our printer. The one thing I needed to check on is, do you have a UV curable ink available for the printer? I think 150 fpm would probably be sufficient,, but is that the max available? Can I get a price for this printer and the availability?",i was interested in your overjet pro printing system we are currently using a 4 color 8 head ink jet printer from inx to print our containers but this printer is getting pretty old and somewhat unreliable we are looking for a replacement that will handle our containers we furnish togo containers for restaurants but we can print a logo or other information on the containers we have customers all over the us and are looking at many new ones which may require a second print line and maybe an upgrade to our printer the one thing i needed to check on is do you have a uv curable ink available for the printer i think 150 fpm would probably be sufficient but is that the max available can i get a price for this printer and the availability,757,139
9485209939,2025-07-28 15:07:57.260000+00:00,2025-07-28 15:07:57.262000+00:00,im looking to purchase a mylar bag printer,im looking to purchase a mylar bag printer,42,8
9530161753,2025-08-07 20:31:44.392000+00:00,2025-08-07 20:31:44.394000+00:00,what are your business hours?,what are your business hours,29,5
9532356974,2025-08-08 11:48:52.730000+00:00,2025-08-08 11:48:52.732000+00:00,"hello, this is Bas from the Netherlands",hello this is bas from the netherlands,39,7
9554706105,2025-08-13 19:00:20.796000+00:00,2025-08-13 19:00:20.798000+00:00,"hello, how do I order film?",hello how do i order film,27,6
9558629644,2025-08-14 14:30:19.895000+00:00,2025-08-14 14:30:19.897000+00:00,I would like to order something? How do I order,i would like to order something how do i order,47,10
9564765242,2025-08-15 20:46:35.356000+00:00,2025-08-15 20:46:35.358000+00:00,Do you ship to Denmark?,do you ship to denmark,23,5
9567886235,2025-08-16 23:52:41.014000+00:00,2025-08-16 23:52:41.016000+00:00,does this machine actually print on mylar bags?,does this machine actually print on mylar bags,47,8
9582097712,2025-08-20 12:45:27.686000+00:00,2025-08-20 12:45:27.688000+00:00,What DFE / RIP do you offer?,what dfe rip do you offer,28,7
9582225035,2025-08-20 12:58:34.715000+00:00,2025-08-20 12:58:34.717000+00:00,"We purchased an Arrow EZ Cut 330R - user manual please. Thanks Jim Bradley, Bradley Nameplate Jim@Label.com",we purchased an arrow ez cut 330r user manual please thanks jim bradley bradley nameplate jimlabelcom,107,17
9587190825,2025-08-21 13:05:31.556000+00:00,2025-08-21 13:05:31.558000+00:00,replacement ink filter pn 003123,replacement ink filter pn 003123,32,5
9588783417,2025-08-21 19:07:35.300000+00:00,2025-08-21 19:07:35.302000+00:00,How quickly can I get this printer?,how quickly can i get this printer,35,7
9595836989,2025-08-23 09:49:40.378000+00:00,2025-08-23 09:49:40.380000+00:00,We are facing an issue with scanner and printer,we are facing an issue with scanner and printer,47,9
9616883816,2025-08-27 17:50:36.205000+00:00,2025-08-27 17:50:36.207000+00:00,Do the 2016 models have digital blowers,do the 2016 models have digital blowers,39,7
9619533884,2025-08-28 05:55:01.584000+00:00,2025-08-28 05:55:01.586000+00:00,Who is your sales contact in India?,who is your sales contact in india,35,7
9654398645,2025-09-05 12:45:09.117000+00:00,2025-09-05 12:45:09.119000+00:00,Will this print wine labels,will this print wine labels,27,5
9661138180,2025-09-08 07:25:39.293000+00:00,2025-09-08 07:25:39.295000+00:00,"Hi, do you have your dealer in Kuwait?",hi do you have your dealer in kuwait,38,8
9668826782,2025-09-09 19:00:36.296000+00:00,2025-09-09 19:00:36.298000+00:00,Buenas tardes,buenas tardes,13,2
9673319006,2025-09-10 17:29:29.389000+00:00,2025-09-10 17:29:29.391000+00:00,I need yours ISO 9001 certification,i need yours iso 9001 certification,35,6
9699406144,2025-09-16 10:26:09.947000+00:00,2025-09-16 10:26:09.949000+00:00,Amazing machine Shaan!,amazing machine shaan,22,3
9704904029,2025-09-17 07:35:36.430000+00:00,2025-09-17 07:35:36.432000+00:00,I am looking for digital printing machine for flexible packaging. Can you recommend me?,i am looking for digital printing machine for flexible packaging can you recommend me,87,14
9728956758,2025-09-22 18:07:42.030000+00:00,2025-09-22 18:07:42.032000+00:00,Decal printers,decal printers,14,2
9739126425,2025-09-24 13:23:16.287000+00:00,2025-09-24 13:23:16.289000+00:00,What are digital printers?,what are digital printers,26,4
9739126874,2025-09-24 13:27:42.003000+00:00,2025-09-24 13:27:42.005000+00:00,do you only print in bulk,do you only print in bulk,25,6
9747210779,2025-09-25 17:46:44.572000+00:00,2025-09-25 17:46:44.574000+00:00,Inform price for the item:,inform price for the item,26,5
9749135495,2025-09-26 02:38:59.909000+00:00,2025-09-26 02:38:59.911000+00:00,"I‚Äôm interested in a short run (300) of shrink sleeves for an event, for wrapping mini champagne bottles. Is this something you offer.",im interested in a short run 300 of shrink sleeves for an event for wrapping mini champagne bottles is this something you offer,133,23
9750352020,2025-09-26 11:23:18.992000+00:00,2025-09-26 11:23:18.994000+00:00,I'm looking for good material for printing aircraft interior placard,im looking for good material for printing aircraft interior placard,68,10
9754268052,2025-09-27 07:22:29.001000+00:00,2025-09-27 07:22:29.003000+00:00,Is this 3m vinyl stickers?,is this 3m vinyl stickers,26,5
9758833302,2025-09-29 05:29:15.042000+00:00,2025-09-29 05:29:15.044000+00:00,Whare are you from?,whare are you from,19,4
9758942834,2025-09-29 06:56:00.956000+00:00,2025-09-29 06:56:00.958000+00:00,"Hello, I would like to offer some suggestions for your website. No cost, no catch and no strings- just an opportunity for you to see how we can improve your website and leads. Increase organic traffic, boost your ranking and visibility. Would it be okay to show you the suggestions I have in mind? Please let me know! Thank you! Melissa Beavers",hello i would like to offer some suggestions for your website no cost no catch and no strings just an opportunity for you to see how we can improve your website and leads increase organic traffic boost your ranking and visibility would it be okay to show you the suggestions i have in mind please let me know thank you melissa beavers,344,62
9760932457,2025-09-29 14:14:17.555000+00:00,2025-09-29 14:14:17.557000+00:00,ArrowJet Aqua 800M,arrowjet aqua 800m,18,3
9775297070,2025-10-02 10:29:15.758000+00:00,2025-10-02 10:29:15.760000+00:00,Please give me the phone number for your UK Head Office.,please give me the phone number for your uk head office,56,11
9779958686,2025-10-03 14:29:53.888000+00:00,2025-10-03 14:29:53.890000+00:00,Cost of Aerojet printer.,cost of aerojet printer,24,4
9781222952,2025-10-03 15:43:41.954000+00:00,2025-10-03 15:43:41.956000+00:00,Hi. I am looking to print on my Mylar bags. What options do you have?,hi i am looking to print on my mylar bags what options do you have,69,15
9782358580,2025-10-03 18:16:10.532000+00:00,2025-10-03 18:16:10.534000+00:00,how much does the ezcut330a cost and what is the lead time?,how much does the ezcut330a cost and what is the lead time,59,12
9784985685,2025-10-04 18:39:03.808000+00:00,2025-10-04 18:39:03.810000+00:00,Print machine,print machine,13,2
9791759908,2025-10-06 17:22:27.773000+00:00,2025-10-06 17:22:27.775000+00:00,agent,agent,5,1
9796676528,2025-10-07 19:22:50.592000+00:00,2025-10-07 19:22:50.594000+00:00,Does your company provide any solutions in the RFID space?,does your company provide any solutions in the rfid space,58,10
9797343001,2025-10-07 22:22:33.731000+00:00,2025-10-07 22:22:33.733000+00:00,I‚Äôm looking for a Gerber gs 15 plus plotter,im looking for a gerber gs 15 plus plotter,43,9
9804401464,2025-10-09 07:21:43.258000+00:00,2025-10-09 07:21:43.260000+00:00,hi...,hi,5,1
9810446899,2025-10-10 02:24:25.686000+00:00,2025-10-10 02:24:25.688000+00:00,Plotter for sandblast stencil,plotter for sandblast stencil,29,4
9828656134,2025-10-14 15:55:50.410000+00:00,2025-10-14 15:55:50.412000+00:00,I am looking to order one simple placard for my small airplane,i am looking to order one simple placard for my small airplane,62,12
9831591479,2025-10-15 11:10:47.075000+00:00,2025-10-15 11:10:47.077000+00:00,indian office,indian office,13,2
9858172181,2025-10-21 20:51:59.889000+00:00,2025-10-21 20:51:59.891000+00:00,I need to talk to someone about a Gerber edge fx,i need to talk to someone about a gerber edge fx,48,11
9913861771,2025-10-29 12:11:02.674000+00:00,2025-10-29 12:11:02.676000+00:00,careers,careers,7,1
9992998466,2025-11-13 16:01:22.004000+00:00,2025-11-13 16:01:22.006000+00:00,Investement cost of a,investement cost of a,21,4
9994983477,2025-11-13 22:12:45.834000+00:00,2025-11-13 22:12:45.836000+00:00,$?,,2,1
9996445357,2025-11-14 10:43:44.724000+00:00,2025-11-14 10:43:44.726000+00:00,Gerber GS750 Plus Plotter,gerber gs750 plus plotter,25,4
